-- phpMyAdmin SQL Dump
-- version 3.5.1
-- http://www.phpmyadmin.net
--
-- Host: localhost
-- Generation Time: Oct 17, 2016 at 02:30 PM
-- Server version: 5.5.24-log
-- PHP Version: 5.4.3

SET SQL_MODE="NO_AUTO_VALUE_ON_ZERO";
SET time_zone = "+00:00";


/*!40101 SET @OLD_CHARACTER_SET_CLIENT=@@CHARACTER_SET_CLIENT */;
/*!40101 SET @OLD_CHARACTER_SET_RESULTS=@@CHARACTER_SET_RESULTS */;
/*!40101 SET @OLD_COLLATION_CONNECTION=@@COLLATION_CONNECTION */;
/*!40101 SET NAMES utf8 */;

--
-- Database: `evaluation`
--

-- --------------------------------------------------------

--
-- Table structure for table `tbl_attributes`
--

CREATE TABLE IF NOT EXISTS `tbl_attributes` (
  `AID` int(11) NOT NULL,
  `Description` varchar(100) NOT NULL,
  `Status` varchar(10) NOT NULL DEFAULT 'Active',
  PRIMARY KEY (`AID`)
) ENGINE=InnoDB DEFAULT CHARSET=latin1;

--
-- Dumping data for table `tbl_attributes`
--

INSERT INTO `tbl_attributes` (`AID`, `Description`, `Status`) VALUES
(1, 'Competence in Teachning', 'Active'),
(2, 'Personal Qualities and Attitudes', 'Active');

-- --------------------------------------------------------

--
-- Table structure for table `tbl_evaluation`
--

CREATE TABLE IF NOT EXISTS `tbl_evaluation` (
  `EID` int(11) NOT NULL AUTO_INCREMENT,
  `StudentID` varchar(10) NOT NULL,
  `SubjectID` varchar(10) NOT NULL,
  `QID` int(11) NOT NULL,
  `Rating` int(11) NOT NULL DEFAULT '0',
  `Comment` text NOT NULL,
  PRIMARY KEY (`EID`),
  KEY `QID` (`QID`),
  KEY `StudentID` (`StudentID`),
  KEY `StudentID_2` (`StudentID`)
) ENGINE=InnoDB  DEFAULT CHARSET=latin1 AUTO_INCREMENT=61 ;

--
-- Dumping data for table `tbl_evaluation`
--

INSERT INTO `tbl_evaluation` (`EID`, `StudentID`, `SubjectID`, `QID`, `Rating`, `Comment`) VALUES
(37, 'c14-0124', 'IT102', 1, 5, 'Look to the left'),
(38, 'c14-0124', 'IT102', 2, 5, 'Look to the left'),
(39, 'c14-0124', 'IT102', 3, 5, 'Look to the left'),
(40, 'c14-0124', 'IT102', 4, 4, 'Look to the left'),
(41, 'c14-0124', 'IT102', 5, 4, 'Look to the left'),
(42, 'c14-0124', 'IT102', 6, 5, 'Look to the left'),
(43, 'c14-0124', 'IT102', 7, 4, 'Look to the left'),
(44, 'c14-0124', 'IT102', 8, 4, 'Look to the left'),
(45, 'c14-0124', 'IT102', 9, 4, 'Look to the left'),
(46, 'c14-0124', 'IT102', 10, 5, 'Look to the left'),
(47, 'c14-0124', 'IT102', 11, 4, 'Look to the left'),
(48, 'c14-0124', 'IT102', 12, 5, 'Look to the left'),
(49, 'c14-0088', 'IT102', 1, 3, 'Look to the right!'),
(50, 'c14-0088', 'IT102', 2, 4, 'Look to the right!'),
(51, 'c14-0088', 'IT102', 3, 4, 'Look to the right!'),
(52, 'c14-0088', 'IT102', 4, 3, 'Look to the right!'),
(53, 'c14-0088', 'IT102', 5, 4, 'Look to the right!'),
(54, 'c14-0088', 'IT102', 6, 4, 'Look to the right!'),
(55, 'c14-0088', 'IT102', 7, 3, 'Look to the right!'),
(56, 'c14-0088', 'IT102', 8, 4, 'Look to the right!'),
(57, 'c14-0088', 'IT102', 9, 4, 'Look to the right!'),
(58, 'c14-0088', 'IT102', 10, 3, 'Look to the right!'),
(59, 'c14-0088', 'IT102', 11, 4, 'Look to the right!'),
(60, 'c14-0088', 'IT102', 12, 3, 'Look to the right!');

-- --------------------------------------------------------

--
-- Table structure for table `tbl_forma`
--

CREATE TABLE IF NOT EXISTS `tbl_forma` (
  `QID` int(3) NOT NULL,
  `AID` int(11) NOT NULL,
  `Question` text NOT NULL,
  `Semister` int(11) NOT NULL,
  `SY` varchar(20) NOT NULL,
  `Status` varchar(10) NOT NULL DEFAULT 'Active',
  PRIMARY KEY (`QID`)
) ENGINE=InnoDB DEFAULT CHARSET=latin1;

--
-- Dumping data for table `tbl_forma`
--

INSERT INTO `tbl_forma` (`QID`, `AID`, `Question`, `Semister`, `SY`, `Status`) VALUES
(1, 1, 'Demonstrates mastery of the subject matter.', 1, '2016-2017', 'Active'),
(2, 1, 'Shows evidence of careful planning, guided by a well prepared syllabus.', 1, '2016-2017', 'Active'),
(3, 1, 'Prepares interesting, challenging activities and strategies.', 1, '2016-2017', 'Active'),
(4, 1, 'Organizes the lesson well with clearly articulated learning outcomes.', 1, '2016-2017', 'Active'),
(5, 1, 'uses board work, examples, illustrations and other teaching aids/education innovations to make the lessons clear.', 1, '2016-2017', 'Active'),
(6, 2, 'Correlates subject matter to the broader aspect of the lesson and the vision-mission and goals of Christ the King College.', 1, '2016-2017', 'Active'),
(7, 2, 'Integrates Christian values in the lesson well.', 1, '2016-2017', 'Active'),
(8, 2, 'Suits methods to students abilities and the subject matter as facilitator of learning.', 1, '2016-2017', 'Active'),
(9, 2, 'Communicates ideas correctly and clearly in a well-modulated voice.', 1, '2016-2017', 'Active'),
(10, 2, 'Demonstrates command of the medium of instruction as indicated by correct pronounciation, diction and grammar.', 1, '2016-2017', 'Active'),
(11, 2, 'is skillfull in questioning and handling student responses.', 1, '2016-2017', 'Active'),
(12, 2, 'Stimulates discussion the evokes higher thinking skills.', 1, '2016-2017', 'Active');

-- --------------------------------------------------------

--
-- Table structure for table `tbl_formula`
--

CREATE TABLE IF NOT EXISTS `tbl_formula` (
  `ID` int(11) NOT NULL AUTO_INCREMENT,
  `SubjectID` varchar(20) NOT NULL,
  `QID` varchar(10) NOT NULL,
  `Rating` float NOT NULL,
  PRIMARY KEY (`ID`)
) ENGINE=InnoDB  DEFAULT CHARSET=latin1 AUTO_INCREMENT=2387 ;

--
-- Dumping data for table `tbl_formula`
--

INSERT INTO `tbl_formula` (`ID`, `SubjectID`, `QID`, `Rating`) VALUES
(2291, '', '1', 0),
(2292, '', '2', 0),
(2293, '', '3', 0),
(2294, '', '4', 0),
(2295, '', '5', 0),
(2296, '', '6', 0),
(2297, '', '7', 0),
(2298, '', '8', 0),
(2299, '', '9', 0),
(2300, '', '10', 0),
(2301, '', '11', 0),
(2302, '', '12', 0),
(2303, 'IT101', '1', 0),
(2304, 'IT101', '2', 0),
(2305, 'IT101', '3', 0),
(2306, 'IT101', '4', 0),
(2307, 'IT101', '5', 0),
(2308, 'IT101', '6', 0),
(2309, 'IT101', '7', 0),
(2310, 'IT101', '8', 0),
(2311, 'IT101', '9', 0),
(2312, 'IT101', '10', 0),
(2313, 'IT101', '11', 0),
(2314, 'IT101', '12', 0),
(2315, 'IT100', '1', 0),
(2316, 'IT100', '2', 0),
(2317, 'IT100', '3', 0),
(2318, 'IT100', '4', 0),
(2319, 'IT100', '5', 0),
(2320, 'IT100', '6', 0),
(2321, 'IT100', '7', 0),
(2322, 'IT100', '8', 0),
(2323, 'IT100', '9', 0),
(2324, 'IT100', '10', 0),
(2325, 'IT100', '11', 0),
(2326, 'IT100', '12', 0),
(2327, '', '1', 0),
(2328, '', '2', 0),
(2329, '', '3', 0),
(2330, '', '4', 0),
(2331, '', '5', 0),
(2332, '', '6', 0),
(2333, '', '7', 0),
(2334, '', '8', 0),
(2335, '', '9', 0),
(2336, '', '10', 0),
(2337, '', '11', 0),
(2338, '', '12', 0),
(2339, 'IT100', '1', 0),
(2340, 'IT100', '2', 0),
(2341, 'IT100', '3', 0),
(2342, 'IT100', '4', 0),
(2343, 'IT100', '5', 0),
(2344, 'IT100', '6', 0),
(2345, 'IT100', '7', 0),
(2346, 'IT100', '8', 0),
(2347, 'IT100', '9', 0),
(2348, 'IT100', '10', 0),
(2349, 'IT100', '11', 0),
(2350, 'IT100', '12', 0),
(2351, 'IT100', '1', 0),
(2352, 'IT100', '2', 0),
(2353, 'IT100', '3', 0),
(2354, 'IT100', '4', 0),
(2355, 'IT100', '5', 0),
(2356, 'IT100', '6', 0),
(2357, 'IT100', '7', 0),
(2358, 'IT100', '8', 0),
(2359, 'IT100', '9', 0),
(2360, 'IT100', '10', 0),
(2361, 'IT100', '11', 0),
(2362, 'IT100', '12', 0),
(2363, 'IT100', '1', 0),
(2364, 'IT100', '2', 0),
(2365, 'IT100', '3', 0),
(2366, 'IT100', '4', 0),
(2367, 'IT100', '5', 0),
(2368, 'IT100', '6', 0),
(2369, 'IT100', '7', 0),
(2370, 'IT100', '8', 0),
(2371, 'IT100', '9', 0),
(2372, 'IT100', '10', 0),
(2373, 'IT100', '11', 0),
(2374, 'IT100', '12', 0),
(2375, 'IT100', '1', 0),
(2376, 'IT100', '2', 0),
(2377, 'IT100', '3', 0),
(2378, 'IT100', '4', 0),
(2379, 'IT100', '5', 0),
(2380, 'IT100', '6', 0),
(2381, 'IT100', '7', 0),
(2382, 'IT100', '8', 0),
(2383, 'IT100', '9', 0),
(2384, 'IT100', '10', 0),
(2385, 'IT100', '11', 0),
(2386, 'IT100', '12', 0);

-- --------------------------------------------------------

--
-- Table structure for table `tbl_student`
--

CREATE TABLE IF NOT EXISTS `tbl_student` (
  `SID` varchar(20) NOT NULL,
  `Password` varchar(32) NOT NULL,
  `surname` varchar(30) NOT NULL,
  `first` varchar(30) NOT NULL,
  `middle` varchar(2) NOT NULL,
  `coursecode` varchar(15) NOT NULL,
  `course` varchar(20) NOT NULL,
  `level` int(1) NOT NULL,
  `sex` varchar(1) NOT NULL,
  PRIMARY KEY (`SID`)
) ENGINE=InnoDB DEFAULT CHARSET=latin1;

--
-- Dumping data for table `tbl_student`
--

INSERT INTO `tbl_student` (`SID`, `Password`, `surname`, `first`, `middle`, `coursecode`, `course`, `level`, `sex`) VALUES
('C02-0110', 'SALAMANGCA', 'SALAMANGCA', 'JUVERLYN', 'O.', 'BEED', 'BACHELOR IN ELEMENTA', 3, 'F'),
('C04-0049', 'SALON', 'SALON', 'SHERYL LOU', 'M.', 'MIDWIFER', 'MIDWIFERY', 2, 'F'),
('C04-0096', 'NABOR', 'NABOR', 'DAISY', 'D.', 'BSN', 'BACHELOR OF SCIENCE ', 1, 'F'),
('C05-0170', 'CARCIDO', 'CARCIDO', 'ANGELO', 'U.', 'BSHRM', 'BACHELOR OF SCI IN H', 4, 'M'),
('C06-0025', 'URSABIA', 'URSABIA', 'MYRTYL', 'D.', 'BSBA', 'BACHELOR OF SCIENCE ', 4, 'F'),
('C06-0189', 'SALINAY JR.', 'SALINAY JR.', 'RODRIGO', 'S.', 'BSN', 'BACHELOR OF SCIENCE ', 2, 'M'),
('C06-0199', 'TALAMPAS', 'TALAMPAS', 'CARLO JAMES', 'Y.', 'BSCRIM', 'BACHELOR OF SCIENCE ', 4, 'M'),
('C06-0241', 'TAMPARONG', 'TAMPARONG', 'ROMAR', 'C.', 'AIT', 'TWO-YEAR ACCELERATED', 2, 'M'),
('C07-0211', 'ORLANDEZ', 'ORLANDEZ', 'R-CHELITA', 'A.', 'BEED', 'BACHELOR IN ELEMENTA', 2, 'F'),
('C08-0021', 'DE VILLA', 'DE VILLA', 'BILLY', 'L.', 'BSBA', 'BACHELOR OF SCIENCE ', 2, 'M'),
('C08-0149', 'BAOL', 'BAOL', 'NADINE RITA', 'G.', 'BSHRM', 'BACHELOR OF SCI IN H', 4, 'F'),
('C08-0183', 'GULISAO', 'GULISAO', 'DEL MARIE', 'R.', 'BSBA', 'BACHELOR OF SCIENCE ', 4, 'F'),
('C08-0228', 'ESCOBAL', 'ESCOBAL', 'GIOVANNE', 'P.', 'BSCRIM', 'BACHELOR OF SCIENCE ', 3, 'M'),
('C08-0241', 'LOZA', 'LOZA', 'JULIE CHRISTINE', 'L.', 'MIDWIFER', 'MIDWIFERY', 2, 'F'),
('C08-0319', 'TUTO', 'TUTO', 'NOVA', 'S.', 'BSSW', 'BACHELOR OF SCIENCE ', 2, 'F'),
('C09-0037', 'LANDIZA', 'LANDIZA', 'CHRISTIAN', 'S.', 'BSCRIM', 'BACHELOR OF SCIENCE ', 4, 'M'),
('C09-0043', 'MILA', 'MILA', 'SAMMY REY', 'G.', 'BEED', 'BACHELOR IN ELEMENTA', 4, 'M'),
('C09-0060', 'ROMEO', 'ROMEO', 'MARILYN', 'D.', 'BEED', 'BACHELOR IN ELEMENTA', 3, 'F'),
('C09-0061', 'KIUNISALA', 'KIUNISALA', 'KAREN KAYE', 'F.', 'BSBA', 'BACHELOR OF SCIENCE ', 3, 'F'),
('C09-0100', 'RUBIN', 'RUBIN', 'KHOLIN', 'L.', 'BSBA', 'BACHELOR OF SCIENCE ', 4, 'F'),
('C09-0105', 'RAMIREZ', 'RAMIREZ', 'CHERILYN', 'M.', 'BSBA', 'BACHELOR OF SCIENCE ', 4, 'F'),
('C09-0144', 'VALMORES', 'VALMORES', 'JEMVEE', 'R.', 'BSA', 'BACHELOR OF SCIENCE ', 2, 'M'),
('C09-0145', 'VALMORES', 'VALMORES', 'JAN NI?O', 'R.', 'BSIT', 'BACHELOR OF SCIENCE ', 3, 'M'),
('C09-0234', 'CASADOR', 'CASADOR', 'MARIO', 'LA', 'BEED', 'BACHELOR IN ELEMENTA', 4, 'M'),
('C09-0271', 'MONTEFALCON', 'MONTEFALCON', 'CELEDONIO', 'J.', 'BSHRM', 'BACHELOR OF SCI IN H', 4, 'M'),
('C09-0280', 'BAGUIO', 'BAGUIO', 'SHEENA', 'A.', 'BSHRM', 'BACHELOR OF SCI IN H', 2, 'F'),
('C09-0294', 'TAGUPA', 'TAGUPA', 'JEFFERSON', 'A.', 'BSIT', 'BACHELOR OF SCIENCE ', 4, 'M'),
('C10-0003', 'TEJANO', 'TEJANO', 'ALMARC GREGGY', 'T.', 'BSCRIM', 'BACHELOR OF SCIENCE ', 4, 'M'),
('C10-0040', 'TEMPLADO,JR.', 'TEMPLADO,JR.', 'VIRGILIO', 'C.', 'BSCRIM', 'BACHELOR OF SCIENCE ', 4, 'M'),
('C10-0085', 'BARAQUIA', 'BARAQUIA', 'JENIFER', 'L.', 'BSHRM', 'BACHELOR OF SCI IN H', 4, 'F'),
('C10-0107', 'ENGCONG', 'ENGCONG', 'STEPHANIE', 'C', 'BSSW', 'BACHELOR OF SCIENCE ', 4, 'F'),
('C10-0111', 'SALAZAR', 'SALAZAR', 'JESSE AGUSTIN', 'N.', 'BSIT', 'BACHELOR OF SCIENCE ', 3, 'M'),
('C10-0114', 'ABAO', 'ABAO', 'MARIA CERES', 'S.', 'BEED', 'BACHELOR IN ELEMENTA', 4, 'F'),
('C10-0136', 'DADOLE,JR.', 'DADOLE,JR.', 'ALFREDO', 'T.', 'BSCRIM', 'BACHELOR OF SCIENCE ', 4, 'M'),
('C10-0172', 'BAOL', 'BAOL', 'LEE MAE', 'G.', 'BSHRM', 'BACHELOR OF SCI IN H', 4, 'F'),
('C10-0243', 'VIERNES', 'VIERNES', 'JUREN', 'F.', 'BSHRM', 'BACHELOR OF SCI IN H', 4, 'M'),
('C10-0251', 'PONCARDAS', 'PONCARDAS', 'FLONA AMOR', 'Y.', 'BSBA', 'BACHELOR OF SCIENCE ', 4, 'F'),
('C10-0259', 'CANILLO', 'CANILLO', 'ROGER', 'U.', 'BSCRIM', 'BACHELOR OF SCIENCE ', 4, 'M'),
('C10-0274', 'SAGIAHON', 'SAGIAHON', 'ANNAMAE', 'L.', 'BSSW', 'BACHELOR OF SCIENCE ', 3, 'F'),
('C10-0284', 'FENIZA', 'FENIZA', 'ROCELYN', 'G.', 'BSBA', 'BACHELOR OF SCIENCE ', 4, 'F'),
('C10-0305', 'CASAS', 'CASAS', 'HARVEY', 'B.', 'BSHRM', 'BACHELOR OF SCI IN H', 4, 'M'),
('C10-0311', 'RETUYA', 'RETUYA', 'HANNAH MAE', 'Q.', 'BSHRM', 'BACHELOR OF SCI IN H', 3, 'F'),
('C11-0004', 'GANAPIN', 'GANAPIN', 'JUN MARK', '  ', 'BSCRIM', 'BACHELOR OF SCIENCE ', 4, 'M'),
('C11-0015', 'CUERDO', 'CUERDO', 'MARK ANTHONY', '', 'BSCRIM', 'BACHELOR OF SCIENCE ', 4, 'M'),
('C11-0018', 'ACEDO', 'ACEDO', 'WILLYJU', 'C.', 'BSSW', 'BACHELOR OF SCIENCE ', 4, 'M'),
('C11-0019', 'MAGHANOY', 'MAGHANOY', 'GLADYS', 'A.', 'BSBA', 'BACHELOR OF SCIENCE ', 4, 'F'),
('C11-0056', 'CA?ETE', 'CA?ETE', 'RANULFO II', 'H.', 'BSHRM', 'BACHELOR OF SCI IN H', 4, 'M'),
('C11-0059', 'MACEDA', 'MACEDA', 'JENELY', 'R.', 'BSBA', 'BACHELOR OF SCIENCE ', 3, 'F'),
('C11-0078', 'FERNANDEZ', 'FERNANDEZ', 'JOEL', 'O.', 'BSA', 'BACHELOR OF SCIENCE ', 4, 'M'),
('C11-0081', 'MANDOKITA', 'MANDOKITA', 'JESTONI', 'S.', 'BSCRIM', 'BACHELOR OF SCIENCE ', 4, 'M'),
('C11-0083', 'ACODILI, JR.', 'ACODILI, JR.', 'ABNER', 'R.', 'BSCRIM', 'BACHELOR OF SCIENCE ', 4, 'M'),
('C11-0086', 'GUTANG', 'GUTANG', 'CHEDDY', 'G', 'BSA', 'BACHELOR OF SCIENCE ', 4, 'M'),
('C11-0087', 'ALISOSO', 'ALISOSO', 'RHYSA', 'A.', 'BSHRM', 'BACHELOR OF SCI IN H', 4, 'F'),
('C11-0092', 'OOI', 'OOI', 'SUI KOH', 'T.', 'BSHRM', 'BACHELOR OF SCI IN H', 4, 'M'),
('C11-0097', 'WALICAN', 'WALICAN', 'LOVEN ROSE', 'N.', 'BSCRIM', 'BACHELOR OF SCIENCE ', 4, 'F'),
('C11-0103', 'LAGARE', 'LAGARE', 'CHELLA', 'L.', 'BSA', 'BACHELOR OF SCIENCE ', 3, 'F'),
('C11-0105', 'LIMBAN', 'LIMBAN', 'IRISH', 'C.', 'BSA', 'BACHELOR OF SCIENCE ', 4, 'F'),
('C11-0114', 'TEJANO', 'TEJANO', 'EIVEY LOU NIZA', 'TE', 'BSA', 'BACHELOR OF SCIENCE ', 4, 'F'),
('C11-0121', 'PELLANOSA', 'PELLANOSA', 'RUEL', 'M.', 'BSCRIM', 'BACHELOR OF SCIENCE ', 4, 'M'),
('C11-0125', 'ODCHIGUE', 'ODCHIGUE', 'KEN', 'B.', 'BSHRM', 'BACHELOR OF SCI IN H', 4, 'M'),
('C11-0130', 'GAMAD', 'GAMAD', 'HERAC  LEA', 'G.', 'BEED', 'BACHELOR IN ELEMENTA', 4, 'F'),
('C11-0140', 'TABANCURA', 'TABANCURA', 'JOVIE BONN', 'R.', 'BSCRIM', 'BACHELOR OF SCIENCE ', 4, 'M'),
('C11-0149', 'TOYOGON', 'TOYOGON', 'RENEN', 'M.', 'BSCRIM', 'BACHELOR OF SCIENCE ', 4, 'M'),
('C11-0163', 'NADALA', 'NADALA', 'ENGELBERT', 'F.', 'BSA', 'BACHELOR OF SCIENCE ', 2, 'M'),
('C11-0180', 'ESTRADA JR.', 'ESTRADA JR.', 'EDGARDO', 'O.', 'BSCRIM', 'BACHELOR OF SCIENCE ', 4, 'M'),
('C11-0190', 'QUIDER', 'QUIDER', 'JUNNEL', 'S.', 'BSCRIM', 'BACHELOR OF SCIENCE ', 2, 'M'),
('C11-0193', 'LUSTRE, JR.', 'LUSTRE, JR.', 'ROBERTO', 'A.', 'BSCRIM', 'BACHELOR OF SCIENCE ', 3, 'M'),
('C11-0201', 'LUSTRE', 'LUSTRE', 'CRISTINE MAE', 'AJ', 'BSED', 'BACHELOR IN SECONDAR', 4, 'F'),
('C11-0207', 'RAUTO', 'RAUTO', 'ABBEY MICHELLE', 'G.', 'BSA', 'BACHELOR OF SCIENCE ', 4, 'F'),
('C11-0218', 'SANTIAGO', 'SANTIAGO', 'MARIA ANGELICA', 'L.', 'BSA', 'BACHELOR OF SCIENCE ', 3, 'F'),
('C11-0222', 'RELEGA?O', 'RELEGA?O', 'REYMARK', 'E.', 'BSCRIM', 'BACHELOR OF SCIENCE ', 4, 'M'),
('C11-0223', 'MONTALBAN', 'MONTALBAN', 'IAN LYSTER', '', 'BSCRIM', 'BACHELOR OF SCIENCE ', 4, 'M'),
('C11-0228', 'YU', 'YU', 'CHRISTOPER JESS', 'G.', 'BSIT', 'BACHELOR OF SCIENCE ', 2, 'M'),
('C11-0244', 'SALA', 'SALA', 'JAMES MARK', 'V.', 'BSCRIM', 'BACHELOR OF SCIENCE ', 4, 'M'),
('C11-0246', 'UMPAD', 'UMPAD', 'MARIANNE ANGEL', 'D.', 'BSED', 'BACHELOR IN SECONDAR', 4, 'F'),
('C11-0255', 'FULACHE', 'FULACHE', 'EMMANUEL ROBERT', 'T.', 'BSIT', 'BACHELOR OF SCIENCE ', 3, 'M'),
('C11-0260', 'VALDEVILLA', 'VALDEVILLA', 'JAN RICHE', 'D.', 'BSHRM', 'BACHELOR OF SCI IN H', 4, 'M'),
('C11-0263', 'JAPOS, JR', 'JAPOS, JR', 'ELDE', 'G.', 'BSSW', 'BACHELOR OF SCIENCE ', 4, 'M'),
('C11-0266', 'REYES', 'REYES', 'STEPHEN RAE', 'C.', 'BSHRM', 'BACHELOR OF SCI IN H', 4, 'M'),
('C11-0271', 'MISSION', 'MISSION', 'JETHER JOHN VIC', 'C.', 'BSIT', 'BACHELOR OF SCIENCE ', 1, 'M'),
('C11-0287', 'NADUMA', 'NADUMA', 'FRANKLIN', 'R.', 'BSIT', 'BACHELOR OF SCIENCE ', 4, 'M'),
('C11-0291', 'DE LARA', 'DE LARA', 'GWENYTH IRIS', 'LI', 'BSA', 'BACHELOR OF SCIENCE ', 4, 'F'),
('C11-0296', 'RONQUILLO', 'RONQUILLO', 'RHEA XANDAE', 'M.', 'BSBA', 'BACHELOR OF SCIENCE ', 4, 'F'),
('C11-0297', 'BUAGAS', 'BUAGAS', 'ANA BETH', 'E.', 'BSBA', 'BACHELOR OF SCIENCE ', 3, 'F'),
('C11-0300', 'CHAVES', 'CHAVES', 'ERIK LANCE', 'M.', 'BSIT', 'BACHELOR OF SCIENCE ', 4, 'M'),
('C11-0303', 'ROA, JR.', 'ROA, JR.', 'RESURRECCION', 'L.', 'BSCRIM', 'BACHELOR OF SCIENCE ', 4, 'M'),
('C11-0311', 'ADONG', 'ADONG', 'AILEEN', 'M.', 'BSED', 'BACHELOR IN SECONDAR', 4, 'F'),
('C11-0312', 'LUBRIGAS', 'LUBRIGAS', 'NILO', 'T.', 'BSCRIM', 'BACHELOR OF SCIENCE ', 4, 'M'),
('C12-0009', 'SIMENE', 'SIMENE', 'ARIEL', 'C.', 'BSA', 'BACHELOR OF SCIENCE ', 4, 'M'),
('C12-0010', 'CABILTES', 'CABILTES', 'MONICA', 'M.', 'BSA', 'BACHELOR OF SCIENCE ', 4, 'F'),
('C12-0011', 'ABRENICA', 'ABRENICA', 'RUTHCIL', 'P.', 'BSA', 'BACHELOR OF SCIENCE ', 4, 'F'),
('C12-0013', 'BACASNOT', 'BACASNOT', 'JASON', 'GO', 'BSA', 'BACHELOR OF SCIENCE ', 4, 'M'),
('C12-0017', 'SALA', 'SALA', 'LEVYCEL MAYE', 'A.', 'BSA', 'BACHELOR OF SCIENCE ', 3, 'F'),
('C12-0020', 'KIUNISALA', 'KIUNISALA', 'MARYCAL', 'L.', 'BSBA', 'BACHELOR OF SCIENCE ', 3, 'F'),
('C12-0023', 'SACAL', 'SACAL', 'DARYL ROMIRO', 'L.', 'BSCRIM', 'BACHELOR OF SCIENCE ', 3, 'M'),
('C12-0029', 'CAPUYAN', 'CAPUYAN', 'RICHELL MAE', 'C.', 'BSA', 'BACHELOR OF SCIENCE ', 4, 'F'),
('C12-0031', 'BABANTO', 'BABANTO', 'LEX ZANDER', 'M.', 'BSCRIM', 'BACHELOR OF SCIENCE ', 4, 'M'),
('C12-0032', 'ARIOLA', 'ARIOLA', 'RELY ANNE', 'CA', 'BEED', 'BACHELOR IN ELEMENTA', 4, 'F'),
('C12-0033', 'JAO', 'JAO', 'ELAN KRISTOPHER', 'D.', 'BSIT', 'BACHELOR OF SCIENCE ', 4, 'M'),
('C12-0036', 'TORREVILLAS', 'TORREVILLAS', 'XYRA KRISTI', 'PA', 'BSED', 'BACHELOR IN SECONDAR', 2, 'F'),
('C12-0037', 'MAGBUNAG', 'MAGBUNAG', 'JUSTIN BRYAN', 'B.', 'BSA', 'BACHELOR OF SCIENCE ', 4, 'M'),
('C12-0041', 'APUGAN', 'APUGAN', 'KEVIN', 'C.', 'BSCRIM', 'BACHELOR OF SCIENCE ', 4, 'M'),
('C12-0042', 'JAMON', 'JAMON', 'KENT JHON', 'O.', 'BSCRIM', 'BACHELOR OF SCIENCE ', 4, 'M'),
('C12-0043', 'PENAKITOB', 'PENAKITOB', 'JASON', 'B.', 'BSCRIM', 'BACHELOR OF SCIENCE ', 4, 'M'),
('C12-0045', 'ABECIA', 'ABECIA', 'MARIVIC', 'A.', 'BEED', 'BACHELOR IN ELEMENTA', 4, 'F'),
('C12-0047', 'PALINGCOD', 'PALINGCOD', 'JENEFER', 'TI', 'BEED', 'BACHELOR IN ELEMENTA', 4, 'F'),
('C12-0049', 'ARIASO', 'ARIASO', 'SIOANAM', 'M.', 'BSSW', 'BACHELOR OF SCIENCE ', 3, 'F'),
('C12-0050', 'JADOL', 'JADOL', 'JACE', 'J.', 'BSED', 'BACHELOR IN SECONDAR', 2, 'M'),
('C12-0051', 'BUAT', 'BUAT', 'RODNIE', 'D.', 'BSBA', 'BACHELOR OF SCIENCE ', 4, 'M'),
('C12-0053', 'LLEMIT', 'LLEMIT', 'MARY COLEEN', 'B.', 'BSHRM', 'BACHELOR OF SCI IN H', 4, 'F'),
('C12-0057', 'ARMADA', 'ARMADA', 'THOM JOHN', 'P.', 'BSCRIM', 'BACHELOR OF SCIENCE ', 4, 'M'),
('C12-0058', 'BARRERA', 'BARRERA', 'JOY GRACE', 'PI', 'BEED', 'BACHELOR IN ELEMENTA', 4, 'F'),
('C12-0060', 'LADRA', 'LADRA', 'IANJOY', 'P.', 'BSHRM', 'BACHELOR OF SCI IN H', 4, 'F'),
('C12-0062', 'RESMEROS', 'RESMEROS', 'HARRY JAMES', 'R.', 'BSCRIM', 'BACHELOR OF SCIENCE ', 4, 'M'),
('C12-0063', 'AMORIN', 'AMORIN', 'JUNEL', 'J.', 'BSCRIM', 'BACHELOR OF SCIENCE ', 4, 'M'),
('C12-0065', 'CUYAG', 'CUYAG', 'MIGUEL', 'A.', 'BSCRIM', 'BACHELOR OF SCIENCE ', 2, 'M'),
('C12-0066', 'LIM', 'LIM', 'DONNA JANE', 'T.', 'BSA', 'BACHELOR OF SCIENCE ', 4, 'F'),
('C12-0067', 'DALIT', 'DALIT', 'CARMINA', 'M.', 'BSA', 'BACHELOR OF SCIENCE ', 3, 'F'),
('C12-0068', 'ALIDO', 'ALIDO', 'DARYLL RAY', 'R.', 'BSA', 'BACHELOR OF SCIENCE ', 4, 'M'),
('C12-0069', 'ALIPIO', 'ALIPIO', 'GLENN JUNE', 'S.', 'BSCRIM', 'BACHELOR OF SCIENCE ', 3, 'M'),
('C12-0070', 'LADICA', 'LADICA', 'AILEEN LOUISE', 'D.', 'BSCRIM', 'BACHELOR OF SCIENCE ', 4, 'F'),
('C12-0071', 'ANGA-ON', 'ANGA-ON', 'APRILLYN', 'O.', 'BSHRM', 'BACHELOR OF SCI IN H', 4, 'F'),
('C12-0072', 'VALCORZA', 'VALCORZA', 'CRISTY', 'D.', 'BSIT', 'BACHELOR OF SCIENCE ', 4, 'F'),
('C12-0074', 'DE LARA', 'DE LARA', 'QUENNIE SUZZETTE', 'M.', 'BSIT', 'BACHELOR OF SCIENCE ', 4, 'F'),
('C12-0075', 'RUBRICA', 'RUBRICA', 'ARCHIE', 'M.', 'BSCRIM', 'BACHELOR OF SCIENCE ', 4, 'M'),
('C12-0076', 'MACROJON', 'MACROJON', 'DINA', 'BA', 'BEED', 'BACHELOR IN ELEMENTA', 4, 'F'),
('C12-0078', 'TALJA', 'TALJA', 'JOAN JAY', 'G.', 'BSED', 'BACHELOR IN SECONDAR', 4, 'F'),
('C12-0079', 'EDUBAS', 'EDUBAS', 'ARVIN', 'B.', 'BSIT', 'BACHELOR OF SCIENCE ', 4, 'M'),
('C12-0081', 'SEBOLINO', 'SEBOLINO', 'MAIRENELLA', '', 'BSED', 'BACHELOR IN SECONDAR', 4, 'F'),
('C12-0083', 'MADRONERO', 'MADRONERO', 'BAMBE', 'T.', 'BSSW', 'BACHELOR OF SCIENCE ', 4, 'F'),
('C12-0085', 'ESTRERA', 'ESTRERA', 'ALEXIS', 'G.', 'BSCRIM', 'BACHELOR OF SCIENCE ', 4, 'M'),
('C12-0089', 'SAGARAL', 'SAGARAL', 'CHERRY MAY', 'H.', 'BSBA', 'BACHELOR OF SCIENCE ', 4, 'F'),
('C12-0092', 'BERDELAO', 'BERDELAO', 'ANGELIE MAE', 'G.', 'BSA', 'BACHELOR OF SCIENCE ', 4, 'F'),
('C12-0093', 'BERONILLA', 'BERONILLA', 'FRANCES DANIELLE', '', 'BEED', 'BACHELOR IN ELEMENTA', 4, 'F'),
('C12-0095', 'FABRE', 'FABRE', 'CLIFF DEAN', 'C.', 'BSIT', 'BACHELOR OF SCIENCE ', 4, 'M'),
('C12-0099', 'MONTEROLA', 'MONTEROLA', 'RIZZA', 'T.', 'BSA', 'BACHELOR OF SCIENCE ', 4, 'F'),
('C12-0100', 'BAYHON', 'BAYHON', 'MARIA JUDITH', 'B.', 'MIDWIFER', 'MIDWIFERY', 2, 'F'),
('C12-0103', 'SUMNDAD', 'SUMNDAD', 'HANNAH HART', 'A.', 'BSA', 'BACHELOR OF SCIENCE ', 4, 'F'),
('C12-0110', 'SIMON', 'SIMON', 'GRACE', 'A.', 'BSED', 'BACHELOR IN SECONDAR', 4, 'F'),
('C12-0111', 'DOYDORA', 'DOYDORA', 'JOVANNE', 'TU', 'BSED', 'BACHELOR IN SECONDAR', 4, 'M'),
('C12-0112', 'VALCORZA', 'VALCORZA', 'JACK', 'AB', 'BSED', 'BACHELOR IN SECONDAR', 4, 'M'),
('C12-0114', 'BADANA', 'BADANA', 'JOSHUA', 'E.', 'BSCRIM', 'BACHELOR OF SCIENCE ', 4, 'M'),
('C12-0115', 'CASTOR', 'CASTOR', 'PRINCESS DONNAROSE', 'M.', 'BSED', 'BACHELOR IN SECONDAR', 4, 'F'),
('C12-0116', 'CAMPANO,JR.', 'CAMPANO,JR.', 'FRANCISCO', 'O.', 'BSCRIM', 'BACHELOR OF SCIENCE ', 4, 'M'),
('C12-0118', 'CENTURIAS', 'CENTURIAS', 'RHEA RACHEL', 'G.', 'BSCRIM', 'BACHELOR OF SCIENCE ', 4, 'F'),
('C12-0121', 'BENEMERITO', 'BENEMERITO', 'KHEN', 'M.', 'BSA', 'BACHELOR OF SCIENCE ', 4, 'F'),
('C12-0122', 'CAPIRIG', 'CAPIRIG', 'DETCHY', 'G.', 'BSIT', 'BACHELOR OF SCIENCE ', 4, 'F'),
('C12-0123', 'TUTO', 'TUTO', 'EVANNY', 'B.', 'BSCRIM', 'BACHELOR OF SCIENCE ', 4, 'F'),
('C12-0124', 'RODRIGUEZ', 'RODRIGUEZ', 'CYPRUS LUCK DOMINIC', 'M.', 'BSA', 'BACHELOR OF SCIENCE ', 4, 'M'),
('C12-0125', 'CAINGLET', 'CAINGLET', 'GAMALIEL', 'B.', 'BSSW', 'BACHELOR OF SCIENCE ', 4, 'M'),
('C12-0132', 'PAHINTE', 'PAHINTE', 'JASMINE ANGELA', 'R.', 'BSCRIM', 'BACHELOR OF SCIENCE ', 4, 'F'),
('C12-0133', 'MADRAZO', 'MADRAZO', 'JACKYLOU', 'C.', 'BSED', 'BACHELOR IN SECONDAR', 2, 'F'),
('C12-0134', 'AGBU', 'AGBU', 'MARIAH CLAIRE', 'G.', 'BSHRM', 'BACHELOR OF SCI IN H', 3, 'F'),
('C12-0135', 'SOLAMIN', 'SOLAMIN', 'LU?IELOU KRIS', 'AB', 'BEED', 'BACHELOR IN ELEMENTA', 4, 'F'),
('C12-0136', 'ABRENICA', 'ABRENICA', 'IRENE MAY', 'P.', 'BSBA', 'BACHELOR OF SCIENCE ', 4, 'F'),
('C12-0138', 'CEZAR II', 'CEZAR II', 'KARLO BENECIO', 'A.', 'BSA', 'BACHELOR OF SCIENCE ', 4, 'M'),
('C12-0139', 'ABANIEL', 'ABANIEL', 'RUGELINE', 'M.', 'BSA', 'BACHELOR OF SCIENCE ', 4, 'F'),
('C12-0141', 'MARIANO', 'MARIANO', 'LOUELLA JEAN', 'BO', 'BSED', 'BACHELOR IN SECONDAR', 4, 'F'),
('C12-0142', 'LOQUERO', 'LOQUERO', 'SHARMAINE ROSE', 'B.', 'BSED', 'BACHELOR IN SECONDAR', 4, 'F'),
('C12-0143', 'RELABO', 'RELABO', 'IREEN', 'S.', 'BSSW', 'BACHELOR OF SCIENCE ', 4, 'F'),
('C12-0144', 'CUTILLAS', 'CUTILLAS', 'IVY', 'A.', 'BSSW', 'BACHELOR OF SCIENCE ', 4, 'F'),
('C12-0145', 'PALANTANG', 'PALANTANG', 'HONELYN', 'M.', 'BSSW', 'BACHELOR OF SCIENCE ', 4, 'F'),
('C12-0147', 'LLANETA', 'LLANETA', 'BERNA JANE', 'C.', 'BSSW', 'BACHELOR OF SCIENCE ', 3, 'F'),
('C12-0155', 'PALAC', 'PALAC', 'JENNIFER', 'D.', 'BSA', 'BACHELOR OF SCIENCE ', 4, 'F'),
('C12-0157', 'LEGASPI', 'LEGASPI', 'JOSANNA MAE', 'CA', 'BEED', 'BACHELOR IN ELEMENTA', 4, 'F'),
('C12-0161', 'CONDEZA', 'CONDEZA', 'RUBIE MARIS', 'S.', 'BSCRIM', 'BACHELOR OF SCIENCE ', 4, 'F'),
('C12-0162', 'LABIANO', 'LABIANO', 'ALOHA', 'VI', 'BSED', 'BACHELOR IN SECONDAR', 4, 'F'),
('C12-0165', 'CANTON', 'CANTON', 'GLENN', 'G.', 'BSHRM', 'BACHELOR OF SCI IN H', 4, 'M'),
('C12-0169', 'BABAYSON', 'BABAYSON', 'AIVE', 'G.', 'BSBA', 'BACHELOR OF SCIENCE ', 4, 'F'),
('C12-0172', 'ESTRADA', 'ESTRADA', 'AMELIE', 'B.', 'BSA', 'BACHELOR OF SCIENCE ', 4, 'F'),
('C12-0173', 'REDIDO', 'REDIDO', 'CLYDE', 'M.', 'BSA', 'BACHELOR OF SCIENCE ', 4, 'M'),
('C12-0175', 'DE LA CRUZ', 'DE LA CRUZ', 'JERSON ROI', 'T.', 'BSED', 'BACHELOR IN SECONDAR', 4, 'M'),
('C12-0176', 'GALAGAR', 'GALAGAR', 'JESREYL', 'C.', 'BSHRM', 'BACHELOR OF SCI IN H', 4, 'M'),
('C12-0185', 'DICDICAN', 'DICDICAN', 'JANICE', 'MA', 'BSED', 'BACHELOR IN SECONDAR', 4, 'F'),
('C12-0186', 'BRODITH', 'BRODITH', 'ARIAN NIKKA', 'S.', 'BSCRIM', 'BACHELOR OF SCIENCE ', 4, 'F'),
('C12-0187', 'BRODITH', 'BRODITH', 'MARIEL GENE', 'M.', 'BSSW', 'BACHELOR OF SCIENCE ', 4, 'F'),
('C12-0189', 'OOI', 'OOI', 'TING THIAN', 'T.', 'BSA', 'BACHELOR OF SCIENCE ', 4, 'M'),
('C12-0190', 'GALILI', 'GALILI', 'RAF LAWRENCE', '', 'BSA', 'BACHELOR OF SCIENCE ', 4, 'M'),
('C12-0194', 'CINCO,JR.', 'CINCO,JR.', 'RAMIL', 'J.', 'BSIT', 'BACHELOR OF SCIENCE ', 4, 'M'),
('C12-0196', 'TAMPOG', 'TAMPOG', 'JASON', 'A.', 'BSCRIM', 'BACHELOR OF SCIENCE ', 4, 'M'),
('C12-0197', 'BANGCONG', 'BANGCONG', 'REGINE', 'TO', 'BEED', 'BACHELOR IN ELEMENTA', 4, 'F'),
('C12-0199', 'JUMARITO', 'JUMARITO', 'RUBY JEAN', 'P.', 'BSBA', 'BACHELOR OF SCIENCE ', 3, 'F'),
('C12-0200', 'DY CEZAR', 'DY CEZAR', 'IVY MAE', 'B.', 'BSA', 'BACHELOR OF SCIENCE ', 4, 'F'),
('C12-0203', 'SIMENE', 'SIMENE', 'ROJIE LOU', 'LL', 'BSED', 'BACHELOR IN SECONDAR', 4, 'F'),
('C12-0207', 'ACIDO', 'ACIDO', 'NOEL REY', 'OB', 'BSA', 'BACHELOR OF SCIENCE ', 4, 'M'),
('C12-0209', 'DANTES', 'DANTES', 'PETER JOHN', '', 'BSHRM', 'BACHELOR OF SCI IN H', 2, 'M'),
('C12-0212', 'HABABAG', 'HABABAG', 'JULUS VILKTOR', 'L.', 'BSIT', 'BACHELOR OF SCIENCE ', 4, 'M'),
('C12-0213', 'FEROLINO', 'FEROLINO', 'JEAN', 'S.', 'BSHRM', 'BACHELOR OF SCI IN H', 4, 'F'),
('C12-0214', 'ABAO', 'ABAO', 'HANAH MAE', 'C.', 'BSSW', 'BACHELOR OF SCIENCE ', 4, 'F'),
('C12-0216', 'A?ASCO, JR.', 'A?ASCO, JR.', 'RODRIGO', 'P', 'BSBA', 'BACHELOR OF SCIENCE ', 3, 'M'),
('C12-0217', 'SABELLO', 'SABELLO', 'MARICAR', '', 'BEED', 'BACHELOR IN ELEMENTA', 4, 'F'),
('C12-0218', 'CAGATA', 'CAGATA', 'KEVIN', 'T.', 'BSCRIM', 'BACHELOR OF SCIENCE ', 4, 'M'),
('C12-0220', 'URSAL', 'URSAL', 'KIANO ARNE', 'C.', 'BSA', 'BACHELOR OF SCIENCE ', 2, 'M'),
('C12-0223', 'BALABA', 'BALABA', 'ANDRE BOY', 'B.', 'BSCRIM', 'BACHELOR OF SCIENCE ', 3, 'M'),
('C12-0224', 'TIA', 'TIA', 'EDWARD', 'I.', 'BSIT', 'BACHELOR OF SCIENCE ', 4, 'M'),
('C12-0225', 'GUANZON', 'GUANZON', 'JASON IAN', 'G.', 'BSA', 'BACHELOR OF SCIENCE ', 4, 'M'),
('C12-0226', 'TAGAN', 'TAGAN', 'JANETH', 'O.', 'BSSW', 'BACHELOR OF SCIENCE ', 3, 'F'),
('C12-0228', 'GABIA', 'GABIA', 'JOHN GABRIEL', 'G.', 'BSCRIM', 'BACHELOR OF SCIENCE ', 3, 'M'),
('C12-0232', 'TINGSON', 'TINGSON', 'AIME ROSE', 'P.', 'BSIT', 'BACHELOR OF SCIENCE ', 3, 'F'),
('C12-0234', 'GALLEROS', 'GALLEROS', 'JOMAR', 'D.', 'BSCRIM', 'BACHELOR OF SCIENCE ', 4, 'M'),
('C12-0237', 'SUMASTRE', 'SUMASTRE', 'MART AUGUSTINE', 'L.', 'AHRM', 'ASSOCIATE IN HOTEL R', 2, 'M'),
('C12-0238', 'RUAYA', 'RUAYA', 'HANNA JOY', 'C.', 'BEED', 'BACHELOR IN ELEMENTA', 4, 'F'),
('C12-0242', 'VICENTE', 'VICENTE', 'SHEMAR', 'P.', 'BSCRIM', 'BACHELOR OF SCIENCE ', 4, 'M'),
('C12-0243', 'BENEDICTO', 'BENEDICTO', 'ROLDAN', 'C.', 'BSSW', 'BACHELOR OF SCIENCE ', 4, 'M'),
('C12-0251', 'BABANTO', 'BABANTO', 'CHRISTOPHER', 'L.', 'BSED', 'BACHELOR IN SECONDAR', 4, 'M'),
('C12-0258', 'LUMINDAS', 'LUMINDAS', 'LEAME', 'C.', 'BSED', 'BACHELOR IN SECONDAR', 3, 'F'),
('C12-0260', 'MILAY', 'MILAY', 'TERENCE', 'W.', 'BSIT', 'BACHELOR OF SCIENCE ', 4, 'M'),
('C12-0262', 'CORTES', 'CORTES', 'GLADYS', 'A.', 'BSED', 'BACHELOR IN SECONDAR', 2, 'F'),
('C12-0263', 'RAYA', 'RAYA', 'WILLIAM', 'S.', 'BSA', 'BACHELOR OF SCIENCE ', 4, 'M'),
('C12-0266', 'ABAD', 'ABAD', 'KEVIN PATRICK', 'M.', 'BSCRIM', 'BACHELOR OF SCIENCE ', 4, 'M'),
('C12-0267', 'OCHIGUE', 'OCHIGUE', 'ROEL', 'G.', 'BSSW', 'BACHELOR OF SCIENCE ', 4, 'M'),
('C12-0269', 'LAGRIA', 'LAGRIA', 'MARK GILFRED', 'O.', 'BSCRIM', 'BACHELOR OF SCIENCE ', 4, 'M'),
('C12-0270', 'CAERLANG', 'CAERLANG', 'LEOJ', 'W.', 'BSCRIM', 'BACHELOR OF SCIENCE ', 4, 'M'),
('C12-0272', 'BADONIO', 'BADONIO', 'CRISTINA', 'N.', 'BSED', 'BACHELOR IN SECONDAR', 3, 'F'),
('C12-0277', 'LABIAL', 'LABIAL', 'JUD AXEL', 'C.', 'BSBA', 'BACHELOR OF SCIENCE ', 2, 'M'),
('C12-0282', 'BAGUIZ', 'BAGUIZ', 'BENIGN FRANCISCO', 'P.', 'BSCRIM', 'BACHELOR OF SCIENCE ', 1, 'M'),
('C12-0283', 'ROMO', 'ROMO', 'RODRIGO JR.', 'P.', 'BSCRIM', 'BACHELOR OF SCIENCE ', 4, 'M'),
('C12-0285', 'TOLEDO', 'TOLEDO', 'JOMER LOU ERIC', 'T.', 'BSA', 'BACHELOR OF SCIENCE ', 4, 'M'),
('C12-0286', 'CANTONJOS', 'CANTONJOS', 'RONNEL', '', 'BSCRIM', 'BACHELOR OF SCIENCE ', 1, 'M'),
('C12-0303', 'SUMAMPONG', 'SUMAMPONG', 'CATHERINE', 'B.', 'BSBA', 'BACHELOR OF SCIENCE ', 4, 'F'),
('C12-0305', 'BOYOSE', 'BOYOSE', 'MAE JOY', 'AN', 'BSA', 'BACHELOR OF SCIENCE ', 4, 'F'),
('C12-0306', 'GUELAS', 'GUELAS', 'REGENT', 'Z.', 'BSHRM', 'BACHELOR OF SCI IN H', 4, 'M'),
('C12-0308', 'INDINO', 'INDINO', 'JOSIE', 'B.', 'BSBA', 'BACHELOR OF SCIENCE ', 3, 'M'),
('C12-0309', 'LUSTRE', 'LUSTRE', 'JANE LOU', 'P.', 'BSBA', 'BACHELOR OF SCIENCE ', 4, 'F'),
('C12-0310', 'MACAWILE', 'MACAWILE', 'EDLYN JOY', 'A.', 'BSSW', 'BACHELOR OF SCIENCE ', 3, 'F'),
('C12-0311', 'JAMAGO', 'JAMAGO', 'JEFREY ANTHONY', 'B.', 'BSHRM', 'BACHELOR OF SCI IN H', 1, 'M'),
('C12-0312', 'SANCHEZ', 'SANCHEZ', 'IAN CRIS', 'C.', 'BSBA', 'BACHELOR OF SCIENCE ', 3, 'M'),
('C12-0330', 'SUSI', 'SUSI', 'MILJELREY', 'D.', 'BSA', 'BACHELOR OF SCIENCE ', 3, 'F'),
('C13-0001', 'PETALLANA', 'PETALLANA', 'MARK  ANTHONY', 'V.', 'BSED', 'BACHELOR IN SECONDAR', 1, 'M'),
('C13-0002', 'ESPERAS', 'ESPERAS', 'FRENZE', '', 'BSIT', 'BACHELOR OF SCIENCE ', 3, 'M'),
('C13-0004', 'ORAIZ', 'ORAIZ', 'JUNNELYN', 'B.', 'BSSW', 'BACHELOR OF SCIENCE ', 3, 'F'),
('C13-0005', 'BORRES', 'BORRES', 'VINCENT', 'T.', 'BEED', 'BACHELOR IN ELEMENTA', 3, 'M'),
('C13-0006', 'ZAMBAS', 'ZAMBAS', 'HAZIM', 'Z.', 'BSED', 'BACHELOR IN SECONDAR', 3, 'F'),
('C13-0008', 'TENEBROSO', 'TENEBROSO', 'JOJELYN', 'E.', 'BSA', 'BACHELOR OF SCIENCE ', 3, 'F'),
('C13-0010', 'TEMPLE', 'TEMPLE', 'MA. RICHIEL', 'P.', 'BSA', 'BACHELOR OF SCIENCE ', 3, 'F'),
('C13-0012', 'PON', 'PON', 'BLESS', 'D.', 'MIDWIFER', 'MIDWIFERY', 2, 'F'),
('C13-0014', 'CAPAPAS', 'CAPAPAS', 'MICO', 'S.', 'BSCRIM', 'BACHELOR OF SCIENCE ', 3, 'M'),
('C13-0015', 'TION', 'TION', 'JANNAH', 'A.', 'BSSW', 'BACHELOR OF SCIENCE ', 3, 'F'),
('C13-0016', 'DAGOC', 'DAGOC', 'JORGE JR.', 'A.', 'BSIT', 'BACHELOR OF SCIENCE ', 2, 'M'),
('C13-0017', 'BELTRAN', 'BELTRAN', 'NI?A DIANNE', 'M.', 'BSHRM', 'BACHELOR OF SCI IN H', 3, 'F'),
('C13-0020', 'ASETRE', 'ASETRE', 'CHRISTINE', 'R.', 'BSA', 'BACHELOR OF SCIENCE ', 3, 'F'),
('C13-0021', 'LAVILLA', 'LAVILLA', 'MARIA DONABEL', 'M.', 'BSBA', 'BACHELOR OF SCIENCE ', 3, 'F'),
('C13-0022', 'ANTONE', 'ANTONE', 'JOANNA', 'Q.', 'BSED', 'BACHELOR IN SECONDAR', 3, 'F'),
('C13-0023', 'ANDOY', 'ANDOY', 'SHERWIN', 'A.', 'BSCRIM', 'BACHELOR OF SCIENCE ', 3, 'M'),
('C13-0024', 'CA?ETE', 'CA?ETE', 'QUEENIE ADELYN', 'F.', 'BSBA', 'BACHELOR OF SCIENCE ', 3, 'F'),
('C13-0025', 'SABIDO', 'SABIDO', 'GRACE MELINDA LOU', 'P.', 'BSBA', 'BACHELOR OF SCIENCE ', 2, 'F'),
('C13-0026', 'CA?ADA', 'CA?ADA', 'MHARIANEL KATHLEEN VENESE   ', '  ', 'BSA', 'BACHELOR OF SCIENCE ', 3, 'F'),
('C13-0027', 'COCO', 'COCO', 'JHILL MAE', 'D.', 'BSBA', 'BACHELOR OF SCIENCE ', 3, 'F'),
('C13-0030', 'CABELTES', 'CABELTES', 'RIZA MAE', 'M.', 'BSA', 'BACHELOR OF SCIENCE ', 3, 'F'),
('C13-0031', 'TEMPLE', 'TEMPLE', 'EMRAIDA', 'D.', 'BSSW', 'BACHELOR OF SCIENCE ', 3, 'F'),
('C13-0032', 'SERING', 'SERING', 'SHERYL', 'V.', 'BSED', 'BACHELOR IN SECONDAR', 3, 'F'),
('C13-0033', 'ACERA', 'ACERA', 'ANTONNETTE CRIS', 'M.', 'BSA', 'BACHELOR OF SCIENCE ', 3, 'F'),
('C13-0034', 'BLANCO', 'BLANCO', 'ANTONETTE ALEXIS', 'S.', 'BSA', 'BACHELOR OF SCIENCE ', 3, 'F'),
('C13-0036', 'TOCMO', 'TOCMO', 'CHRISTINE JOYCE', 'S.', 'MIDWIFER', 'MIDWIFERY', 2, 'F'),
('C13-0038', 'BAI?O', 'BAI?O', 'WILLIAM III', 'R.', 'BEED', 'BACHELOR IN ELEMENTA', 3, 'M'),
('C13-0039', 'NU?EZ', 'NU?EZ', 'IAN JEFF', 'C.', 'BSIT', 'BACHELOR OF SCIENCE ', 2, 'M'),
('C13-0041', 'GALLARDO', 'GALLARDO', 'RIZZA LYN', 'C.', 'BSBA', 'BACHELOR OF SCIENCE ', 3, 'F'),
('C13-0042', 'WAHING', 'WAHING', 'MARGIE', 'S.', 'BSSW', 'BACHELOR OF SCIENCE ', 2, 'F'),
('C13-0043', 'PAHAL', 'PAHAL', 'CHERYL JEN', 'C.', 'BSSW', 'BACHELOR OF SCIENCE ', 3, 'F'),
('C13-0044', 'ESTOPACE, JR.', 'ESTOPACE, JR.', 'GILBERT', 'E.', 'BSA', 'BACHELOR OF SCIENCE ', 2, 'M'),
('C13-0045', 'DAPA', 'DAPA', 'JEFFERSON', 'PA', 'BSIT', 'BACHELOR OF SCIENCE ', 3, 'M'),
('C13-0046', 'PENAKITOB', 'PENAKITOB', 'JAYCIN', 'BE', 'BSCRIM', 'BACHELOR OF SCIENCE ', 2, 'F'),
('C13-0047', 'TIRARIRAY', 'TIRARIRAY', 'SALDO', 'M.', 'BSCRIM', 'BACHELOR OF SCIENCE ', 3, 'M'),
('C13-0048', 'ACOT', 'ACOT', 'ARNIE CLARENCE', 'V.', 'BSBA', 'BACHELOR OF SCIENCE ', 3, 'F'),
('C13-0050', 'CA?ETE', 'CA?ETE', 'MARVINA LEIAN', 'M.', 'BSSW', 'BACHELOR OF SCIENCE ', 3, 'F'),
('C13-0051', 'MAGADA', 'MAGADA', 'SHEENA', '', 'BSCRIM', 'BACHELOR OF SCIENCE ', 2, 'F'),
('C13-0052', 'CAPABLANCA', 'CAPABLANCA', 'MICHELLE', '', 'BSCRIM', 'BACHELOR OF SCIENCE ', 2, 'F'),
('C13-0057', 'RAGASAJO', 'RAGASAJO', 'JUNREL', 'B.', 'BSCRIM', 'BACHELOR OF SCIENCE ', 3, 'M'),
('C13-0058', 'RAGASAJO', 'RAGASAJO', 'JHADE', 'B.', 'MIDWIFER', 'MIDWIFERY', 2, 'F'),
('C13-0059', 'MAESTRE', 'MAESTRE', 'NEIL CICIRO', 'D.', 'BSHRM', 'BACHELOR OF SCI IN H', 3, 'M'),
('C13-0061', 'GUNO', 'GUNO', 'CHRISTAL', 'A.', 'BSED', 'BACHELOR IN SECONDAR', 3, 'F'),
('C13-0062', 'CAGAS', 'CAGAS', 'DYESABIL', 'O.', 'BSSW', 'BACHELOR OF SCIENCE ', 3, 'F'),
('C13-0065', 'HOMOL', 'HOMOL', 'DIONNE MARIE', 'A.', 'BSBA', 'BACHELOR OF SCIENCE ', 3, 'F'),
('C13-0069', 'BALAGOT', 'BALAGOT', 'DALE JASON', 'T.', 'BSIT', 'BACHELOR OF SCIENCE ', 3, 'M'),
('C13-0070', 'CASAMAYOR', 'CASAMAYOR', 'JUDY ANN', 'B.', 'BSCRIM', 'BACHELOR OF SCIENCE ', 3, 'F'),
('C13-0071', 'DAL', 'DAL', 'ALMER', 'R.', 'BSCRIM', 'BACHELOR OF SCIENCE ', 3, 'M'),
('C13-0073', 'RODRIGUEZ', 'RODRIGUEZ', 'JOYNARD', 'G.', 'BSCRIM', 'BACHELOR OF SCIENCE ', 3, 'M'),
('C13-0074', 'ASILO', 'ASILO', 'JEFFERSON', '', 'BSCRIM', 'BACHELOR OF SCIENCE ', 3, 'M'),
('C13-0075', 'BRAGA', 'BRAGA', 'ERICKA', 'T.', 'BSED', 'BACHELOR IN SECONDAR', 3, 'F'),
('C13-0077', 'BLANCAFLOR', 'BLANCAFLOR', 'JOLINA', 'A.', 'BSCRIM', 'BACHELOR OF SCIENCE ', 3, 'F'),
('C13-0078', 'SORRONDA', 'SORRONDA', 'ALEXA JEANYLE', 'A.', 'BSBA', 'BACHELOR OF SCIENCE ', 3, 'F'),
('C13-0080', 'MARTINEZ', 'MARTINEZ', 'KEREN JOY', 'C.', 'BSSW', 'BACHELOR OF SCIENCE ', 3, 'F'),
('C13-0081', 'MARTINEZ', 'MARTINEZ', 'JEAN RHOSE', 'A.', 'BSSW', 'BACHELOR OF SCIENCE ', 3, 'F'),
('C13-0082', 'ABUCEJO', 'ABUCEJO', 'ANGIE LOU', 'S.', 'BEED', 'BACHELOR IN ELEMENTA', 3, 'F'),
('C13-0083', 'BIWANG', 'BIWANG', 'MICHELLE', 'R.', 'BSSW', 'BACHELOR OF SCIENCE ', 3, 'F'),
('C13-0084', 'GUILLENA', 'GUILLENA', 'GRACEGIFT ANN', 'D.', 'BSA', 'BACHELOR OF SCIENCE ', 3, 'F'),
('C13-0085', 'BONDAL', 'BONDAL', 'REYMAR', 'A.', 'BSHRM', 'BACHELOR OF SCI IN H', 3, 'M'),
('C13-0086', 'CABACTULAN', 'CABACTULAN', 'JED', 'O.', 'BSCRIM', 'BACHELOR OF SCIENCE ', 3, 'M'),
('C13-0087', 'BERNADES', 'BERNADES', 'MARIA PRINCESS', 'T.', 'BEED', 'BACHELOR IN ELEMENTA', 3, 'F'),
('C13-0088', 'BELONIO', 'BELONIO', 'VIENNA CHEENE', 'D.', 'BSSW', 'BACHELOR OF SCIENCE ', 3, 'F'),
('C13-0089', 'BARANGGAN', 'BARANGGAN', 'MARIELETH', 'J.', 'BSBA', 'BACHELOR OF SCIENCE ', 3, 'F'),
('C13-0090', 'MANDIN', 'MANDIN', 'RUBY', 'U.', 'BSCRIM', 'BACHELOR OF SCIENCE ', 3, 'F'),
('C13-0091', 'ANTIOLA', 'ANTIOLA', 'AURLEY', 'D.', 'BSBA', 'BACHELOR OF SCIENCE ', 3, 'M'),
('C13-0092', 'TIMA-AN', 'TIMA-AN', 'QUEENIE', 'J.', 'BSBA', 'BACHELOR OF SCIENCE ', 3, 'F'),
('C13-0093', 'BAG-AO', 'BAG-AO', 'MA. DANICA', 'A.', 'BSSW', 'BACHELOR OF SCIENCE ', 3, 'F'),
('C13-0095', 'SALUPER', 'SALUPER', 'IRINE MAE', 'P.', 'BSSW', 'BACHELOR OF SCIENCE ', 3, 'F'),
('C13-0096', 'DAYA', 'DAYA', 'DIANA ROSE', 'P.', 'BSCRIM', 'BACHELOR OF SCIENCE ', 3, 'F'),
('C13-0097', 'MANLANTAO', 'MANLANTAO', 'RAY', 'D.', 'BSBA', 'BACHELOR OF SCIENCE ', 3, 'M'),
('C13-0098', 'MAAGAD', 'MAAGAD', 'JEAN MARIE', 'D.', 'BSCRIM', 'BACHELOR OF SCIENCE ', 3, 'F'),
('C13-0100', 'ISRAEL', 'ISRAEL', 'JAMES AARON', 'M.', 'BSN', 'BACHELOR OF SCIENCE ', 1, 'M'),
('C13-0101', 'TAN', 'TAN', 'LOVELY JOAN', 'C.', 'BSBA', 'BACHELOR OF SCIENCE ', 3, 'F'),
('C13-0102', 'BOMBEO', 'BOMBEO', 'GLADYS', 'R.', 'BSA', 'BACHELOR OF SCIENCE ', 3, 'F'),
('C13-0104', 'AJIAS', 'AJIAS', 'KIEN', 'A.', 'BSCRIM', 'BACHELOR OF SCIENCE ', 3, 'M'),
('C13-0105', 'BATISLAON', 'BATISLAON', 'JACKELYN', 'T.', 'BSED', 'BACHELOR IN SECONDAR', 3, 'F'),
('C13-0106', 'TUBO', 'TUBO', 'RALPH', '', 'BSCRIM', 'BACHELOR OF SCIENCE ', 3, 'M'),
('C13-0109', 'KIUNISALA', 'KIUNISALA', 'LYCA', 'L.', 'BSA', 'BACHELOR OF SCIENCE ', 3, 'F'),
('C13-0111', 'LOPEZ', 'LOPEZ', 'AUBREY DEODECEL', 'E.', 'BSSW', 'BACHELOR OF SCIENCE ', 3, 'F'),
('C13-0113', 'NARABE', 'NARABE', 'BELLY JANE', 'C.', 'BSA', 'BACHELOR OF SCIENCE ', 3, 'F'),
('C13-0114', 'LAGURA', 'LAGURA', 'MARK JOSEPH', 'R.', 'BSCRIM', 'BACHELOR OF SCIENCE ', 3, 'M'),
('C13-0115', 'MAESTRADO', 'MAESTRADO', 'JEAN CLAUDE', 'Q.', 'BEED', 'BACHELOR IN ELEMENTA', 3, 'M'),
('C13-0116', 'ODO', 'ODO', 'ADRIAN', 'T.', 'BSCRIM', 'BACHELOR OF SCIENCE ', 3, 'M'),
('C13-0117', 'SAGARINO', 'SAGARINO', 'NOVELYN', 'A.', 'BSSW', 'BACHELOR OF SCIENCE ', 3, 'F'),
('C13-0119', 'ODCHIGUE', 'ODCHIGUE', 'RHEA', 'P.', 'BSBA', 'BACHELOR OF SCIENCE ', 3, 'F'),
('C13-0120', 'UNABIA', 'UNABIA', ' CHEMELY', 'A.', 'BSBA', 'BACHELOR OF SCIENCE ', 3, 'F'),
('C13-0122', 'FRANCISCO', 'FRANCISCO', 'MELLIZA DAWN', 'A.', 'BSED', 'BACHELOR IN SECONDAR', 3, 'F'),
('C13-0124', 'ALIPIO', 'ALIPIO', 'HANNAH GLADYS', 'S.', 'BEED', 'BACHELOR IN ELEMENTA', 3, 'F'),
('C13-0126', 'APUGAN', 'APUGAN', 'LEIRA', 'C.', 'BSA', 'BACHELOR OF SCIENCE ', 3, 'F'),
('C13-0127', 'BACUS', 'BACUS', 'JELLIE ROSE', 'Q.', 'BSIT', 'BACHELOR OF SCIENCE ', 2, 'F'),
('C13-0128', 'TION', 'TION', 'MA. AERA', 'A.', 'BEED', 'BACHELOR IN ELEMENTA', 3, 'F'),
('C13-0129', 'RODRIGUEZ', 'RODRIGUEZ', 'RODERICK', 'G.', 'BSCRIM', 'BACHELOR OF SCIENCE ', 3, 'M'),
('C13-0130', 'CULLA', 'CULLA', 'MARK JAMES', 'T.', 'BSCRIM', 'BACHELOR OF SCIENCE ', 3, 'M'),
('C13-0131', 'GRANADA', 'GRANADA', 'NADINE', 'A.', 'BSED', 'BACHELOR IN SECONDAR', 3, 'F'),
('C13-0132', 'GRANADA', 'GRANADA', 'DARYL', 'A.', 'BSED', 'BACHELOR IN SECONDAR', 3, 'F'),
('C13-0133', 'CANDANO', 'CANDANO', 'MAE ANN', 'M.', 'BSA', 'BACHELOR OF SCIENCE ', 3, 'F'),
('C13-0136', 'DIME', 'DIME', 'SAM', 'E.', 'BSA', 'BACHELOR OF SCIENCE ', 3, 'M'),
('C13-0139', 'GALLEROS', 'GALLEROS', 'SAMANTHA MARIE', 'V.', 'BSA', 'BACHELOR OF SCIENCE ', 3, 'F'),
('C13-0140', 'JUNIO', 'JUNIO', 'CINDY', 'H.', 'BEED', 'BACHELOR IN ELEMENTA', 3, 'F'),
('C13-0141', 'HUGO', 'HUGO', 'MARIA  THERESA', '', 'BEED', 'BACHELOR IN ELEMENTA', 3, 'F'),
('C13-0146', 'BLANDO', 'BLANDO', 'MASAER', 'S.', 'BSIT', 'BACHELOR OF SCIENCE ', 2, 'M'),
('C13-0147', 'PADILLA', 'PADILLA', 'JENNYLYN', 'M.', 'BSSW', 'BACHELOR OF SCIENCE ', 3, 'F'),
('C13-0148', 'BARIQUIT, JR.', 'BARIQUIT, JR.', 'CHARLITO', 'T.', 'BSCRIM', 'BACHELOR OF SCIENCE ', 3, 'M'),
('C13-0150', 'ORTIZ', 'ORTIZ', 'CHARLES DENVER', 'B.', 'BSA', 'BACHELOR OF SCIENCE ', 3, 'M'),
('C13-0154', 'PEDERE', 'PEDERE', 'SHAIRA', '', 'BSSW', 'BACHELOR OF SCIENCE ', 3, 'F'),
('C13-0158', 'ROCHA', 'ROCHA', 'BENJIE BERNARD', 'C.', 'BSCRIM', 'BACHELOR OF SCIENCE ', 3, 'M'),
('C13-0160', 'MAESTRADO', 'MAESTRADO', 'GLADYS', 'M.', 'BSED', 'BACHELOR IN SECONDAR', 3, 'F'),
('C13-0165', 'FABRO', 'FABRO', 'BIVERLY MAE', 'A.', 'BSED', 'BACHELOR IN SECONDAR', 3, 'F'),
('C13-0166', 'TION', 'TION', 'HANAH JEAN', 'F.', 'BSCRIM', 'BACHELOR OF SCIENCE ', 2, 'F'),
('C13-0167', 'OLACO', 'OLACO', 'JULIE ANN', 'R.', 'BSA', 'BACHELOR OF SCIENCE ', 3, 'F'),
('C13-0171', 'DIEGO', 'DIEGO', 'IAN MONREC', 'SU', 'BSCRIM', 'BACHELOR OF SCIENCE ', 2, 'M'),
('C13-0172', 'CAPIRIG', 'CAPIRIG', 'NIKKI', 'P.', 'BSSW', 'BACHELOR OF SCIENCE ', 3, 'F'),
('C13-0173', 'ALPUERTO', 'ALPUERTO', 'IRVIN JAMES', 'C.', 'BSIT', 'BACHELOR OF SCIENCE ', 3, 'M'),
('C13-0174', 'GABIA', 'GABIA', 'PAULINE  MARIE', 'GA', 'BSA', 'BACHELOR OF SCIENCE ', 3, 'F'),
('C13-0175', 'LABOR', 'LABOR', 'RALPH KINNEY', 'C.', 'BSBA', 'BACHELOR OF SCIENCE ', 3, 'M'),
('C13-0177', 'RANOCO', 'RANOCO', 'MELODY', 'L.', 'BEED', 'BACHELOR IN ELEMENTA', 3, 'F'),
('C13-0178', 'TOROBIA', 'TOROBIA', 'JOSHUA', 'M.', 'BSIT', 'BACHELOR OF SCIENCE ', 3, 'M'),
('C13-0179', 'CRISOLOGO', 'CRISOLOGO', 'IAN LEBERT', 'L.', 'BSA', 'BACHELOR OF SCIENCE ', 3, 'M'),
('C13-0187', 'RAMA', 'RAMA', 'NI?O CEL', '', 'BSIT', 'BACHELOR OF SCIENCE ', 3, 'M'),
('C13-0189', 'TOLEDO', 'TOLEDO', 'RYZA', 'T.', 'BSBA', 'BACHELOR OF SCIENCE ', 3, 'F'),
('C13-0192', 'AGUILOR', 'AGUILOR', 'LORD RAHP', 'D.', 'BEED', 'BACHELOR IN ELEMENTA', 3, 'M'),
('C13-0196', 'SALA', 'SALA', 'BLESSED DIANE', 'V.', 'BSCRIM', 'BACHELOR OF SCIENCE ', 3, 'F'),
('C13-0197', 'ALCALA', 'ALCALA', 'ROLPH ALEXIS', 'M.', 'BSBA', 'BACHELOR OF SCIENCE ', 3, 'M'),
('C13-0198', 'CRAOS', 'CRAOS', 'JAIAJ MARIE', '', 'BSSW', 'BACHELOR OF SCIENCE ', 3, 'F'),
('C13-0202', 'CABALLERO', 'CABALLERO', 'MA. CONNIE  VIE', 'U.', 'BSCRIM', 'BACHELOR OF SCIENCE ', 3, 'F'),
('C13-0203', 'MAMON', 'MAMON', 'FAITHFUL', 'A.', 'AHRM', 'ASSOCIATE IN HOTEL R', 1, 'F'),
('C13-0207', 'SIMENE', 'SIMENE', 'DAISERY', 'L.', 'BSED', 'BACHELOR IN SECONDAR', 3, 'F'),
('C13-0209', 'PALIMA', 'PALIMA', 'CHRISTIAN PET', 'T.', 'BSBA', 'BACHELOR OF SCIENCE ', 3, 'M'),
('C13-0217', 'SEROJE', 'SEROJE', 'JOHN RIO', 'A.', 'BSHRM', 'BACHELOR OF SCI IN H', 3, 'M'),
('C13-0218', 'MEJORADA', 'MEJORADA', 'GEORGE', 'T.', 'BSCRIM', 'BACHELOR OF SCIENCE ', 3, 'M'),
('C13-0222', 'LICAYAN', 'LICAYAN', 'MARY JOY', 'F.', 'BEED', 'BACHELOR IN ELEMENTA', 3, 'F'),
('C13-0223', 'JURADO', 'JURADO', 'LODIE MAE', 'O.', 'BSBA', 'BACHELOR OF SCIENCE ', 3, 'F'),
('C13-0224', 'TOLENTINO', 'TOLENTINO', 'ROSAFEL', 'G.', 'BSA', 'BACHELOR OF SCIENCE ', 3, 'F'),
('C13-0225', 'AGUINID', 'AGUINID', 'MICHAEL JAY', 'A.', 'BSA', 'BACHELOR OF SCIENCE ', 2, 'M'),
('C13-0231', 'PLANTAS', 'PLANTAS', 'KIRK MERVEN', 'P.', 'BSBA', 'BACHELOR OF SCIENCE ', 4, 'M'),
('C13-0232', 'NAMOC', 'NAMOC', 'JOHN MARK', '', 'BSIT', 'BACHELOR OF SCIENCE ', 3, 'M'),
('C13-0234', 'SALAZAR', 'SALAZAR', 'JESMAR', 'N.', 'BSCRIM', 'BACHELOR OF SCIENCE ', 3, 'M'),
('C13-0235', 'BALBOSINA, JR.', 'BALBOSINA, JR.', 'JULITO', 'D.', 'BSA', 'BACHELOR OF SCIENCE ', 2, 'M'),
('C13-0236', 'ORDENIZA', 'ORDENIZA', 'LOUIS PASTUER', 'A.', 'BSCRIM', 'BACHELOR OF SCIENCE ', 3, 'M'),
('C13-0237', 'BALBUTIN, II', 'BALBUTIN, II', 'RENATO', 'U.', 'BSIT', 'BACHELOR OF SCIENCE ', 3, 'M'),
('C13-0238', 'BALBUTIN', 'BALBUTIN', 'APRIL ROSE', 'U.', 'BEED', 'BACHELOR IN ELEMENTA', 3, 'F'),
('C13-0239', 'NUBE, RVM', 'NUBE, RVM', 'MARIA BERNADINA', '', 'BSSW', 'BACHELOR OF SCIENCE ', 3, 'F'),
('C13-0243', 'SEROJE', 'SEROJE', 'REYMOND', 'S.', 'BSIT', 'BACHELOR OF SCIENCE ', 4, 'M'),
('C13-0248', 'MONDIJAR', 'MONDIJAR', 'KRISHALY', 'V.', 'BSSW', 'BACHELOR OF SCIENCE ', 2, 'F'),
('C13-0249', 'ILLUSTRISIMO', 'ILLUSTRISIMO', 'JOVY', 'B.', 'BSHRM', 'BACHELOR OF SCI IN H', 2, 'F'),
('C13-0251', 'DO?OS', 'DO?OS', 'SARAH MAY', '', 'BSA', 'BACHELOR OF SCIENCE ', 4, 'F'),
('C13-0252', 'REYES', 'REYES', 'RAOUL ANGELICO', '', 'BSIT', 'BACHELOR OF SCIENCE ', 2, 'M'),
('C13-0255', 'RODRIGUEZ', 'RODRIGUEZ', 'HANNERLI', 'O.', 'BSA', 'BACHELOR OF SCIENCE ', 4, 'F'),
('C13-0258', 'PELAEZ', 'PELAEZ', 'THEA MARIAN', 'V.', 'AHRM', 'ASSOCIATE IN HOTEL R', 2, 'F'),
('C13-0261', 'LEGASPI', 'LEGASPI', 'JOHN STEADLER', 'C.', 'AIT', 'TWO-YEAR ACCELERATED', 2, 'M'),
('C13-0263', 'GAMAYON', 'GAMAYON', 'CECILLE', 'O.', 'BEED', 'BACHELOR IN ELEMENTA', 2, 'F'),
('C13-0265', 'LABADAN', 'LABADAN', 'PRINCESS MAY', 'D.', 'BSED', 'BACHELOR IN SECONDAR', 2, 'F'),
('C13-0268', 'ARNESTO', 'ARNESTO', 'SWETZIL', 'B.', 'BSCRIM', 'BACHELOR OF SCIENCE ', 3, 'F'),
('C13-0269', 'PANULAYA', 'PANULAYA', 'GERALD', 'M.', 'BSSW', 'BACHELOR OF SCIENCE ', 2, 'M'),
('C13-0270', 'ALANA', 'ALANA', 'NEIL BRYAN', 'P.', 'BSHRM', 'BACHELOR OF SCI IN H', 3, 'M'),
('C13-0271', 'TACANDONG', 'TACANDONG', 'DEO MARI', 'A.', 'BSIT', 'BACHELOR OF SCIENCE ', 3, 'M'),
('C13-0274', 'MANSINARES', 'MANSINARES', 'MARYLOVE', 'S.', 'BSED', 'BACHELOR IN SECONDAR', 3, 'F'),
('C13-0275', 'MEJOS', 'MEJOS', 'FRANCE VINCENT', 'P.', 'BSED', 'BACHELOR IN SECONDAR', 3, 'M'),
('C13-0276', 'OTBO', 'OTBO', 'JUNE KENITH', 'B.', 'AHRM', 'ASSOCIATE IN HOTEL R', 2, 'M'),
('C13-0282', 'CANDOLE', 'CANDOLE', 'ROCILYN', 'P.', 'BSBA', 'BACHELOR OF SCIENCE ', 2, 'F'),
('C14-0001', 'TEJADA', 'TEJADA', 'JERRIC', 'G.', 'BSBA', 'BACHELOR OF SCIENCE ', 2, 'M'),
('C14-0002', 'ABAO', 'ABAO', 'KATE WINSLET', 'C.', 'BSIT', 'BACHELOR OF SCIENCE ', 2, 'F'),
('C14-0003', 'BAYUCOT', 'BAYUCOT', 'SARAHJANE', 'R.', 'BSBA', 'BACHELOR OF SCIENCE ', 2, 'F'),
('C14-0004', 'LOAYON', 'LOAYON', 'CHRISTYLE', 'M.', 'BSED', 'BACHELOR IN SECONDAR', 2, 'F'),
('C14-0005', 'ABOC', 'ABOC', 'KEVIN', 'R.', 'BSBA', 'BACHELOR OF SCIENCE ', 2, 'M'),
('C14-0006', 'FAIFE', 'FAIFE', 'LYNNEBETH', 'P.', 'MIDWIFER', 'MIDWIFERY', 2, 'F'),
('C14-0008', 'ACUT', 'ACUT', 'JOERAZEL JOY', 'G.', 'BSCRIM', 'BACHELOR OF SCIENCE ', 2, 'F'),
('C14-0009', 'MENDAROS', 'MENDAROS', 'DAEVE AIRA', 'C.', 'BSCRIM', 'BACHELOR OF SCIENCE ', 2, 'F'),
('C14-0010', 'ABUGHO', 'ABUGHO', 'LOVE HARZIL', 'L.', 'BSED', 'BACHELOR IN SECONDAR', 2, 'F'),
('C14-0011', 'ABAD', 'ABAD', 'SHEILA MAE', 'B.', 'BSA', 'BACHELOR OF SCIENCE ', 2, 'F'),
('C14-0012', 'UYGUANGCO', 'UYGUANGCO', 'MARIAN', 'D', 'BSA', 'BACHELOR OF SCIENCE ', 2, 'F'),
('C14-0013', 'LLAGAS', 'LLAGAS', 'MEA ANN', 'S.', 'BEED', 'BACHELOR IN ELEMENTA', 2, 'F'),
('C14-0014', 'TACANDONG', 'TACANDONG', 'REEVA MAY', 'L.', 'BEED', 'BACHELOR IN ELEMENTA', 2, 'F'),
('C14-0015', 'SACAL', 'SACAL', 'DARWIN', 'L.', 'BSCRIM', 'BACHELOR OF SCIENCE ', 2, 'M'),
('C14-0016', 'GAMO', 'GAMO', 'JERALDINE', 'B.', 'BSA', 'BACHELOR OF SCIENCE ', 2, 'F'),
('C14-0018', 'CANUNAYON', 'CANUNAYON', 'IVY BERNADETH', 'G.', 'BSED', 'BACHELOR IN SECONDAR', 2, 'F'),
('C14-0022', 'CUERDO', 'CUERDO', 'SHIELA MARIE', 'A.', 'BSED', 'BACHELOR IN SECONDAR', 2, 'F'),
('C14-0023', 'BACOT', 'BACOT', 'CHRISTINE LOURINE', 'P.', 'BEED', 'BACHELOR IN ELEMENTA', 2, 'F'),
('C14-0024', 'BAI?O IV', 'BAI?O IV', 'WILLIAM', 'R.', 'BSCRIM', 'BACHELOR OF SCIENCE ', 2, 'M'),
('C14-0026', 'COCO', 'COCO', 'SHELLA MAE', 'D.', 'BSCRIM', 'BACHELOR OF SCIENCE ', 2, 'F'),
('C14-0027', 'MAMARAN', 'MAMARAN', 'DARLENE ROSE', 'S.', 'BEED', 'BACHELOR IN ELEMENTA', 2, 'F'),
('C14-0028', 'LESWE', 'LESWE', 'MARYLYN', 'S.', 'BSAT', 'BACHELOR OF SCIENCE ', 2, 'F'),
('C14-0029', 'GALIA', 'GALIA', 'KAREN', 'T.', 'BSBA', 'BACHELOR OF SCIENCE ', 2, 'F'),
('C14-0030', 'BAGAIPO', 'BAGAIPO', 'ELVIE MAE', 'C.', 'BSSW', 'BACHELOR OF SCIENCE ', 2, 'F'),
('C14-0031', 'MANTICAHON', 'MANTICAHON', 'STANLEY JUN', 'S.', 'BSA', 'BACHELOR OF SCIENCE ', 2, 'M'),
('C14-0032', 'REMOLADOR', 'REMOLADOR', 'CHUCHEN SHEILA', 'R.', 'BSHRM', 'BACHELOR OF SCI IN H', 2, 'F'),
('C14-0033', 'POLIGRATES', 'POLIGRATES', 'HONEY CARL', 'M.', 'BSCRIM', 'BACHELOR OF SCIENCE ', 2, 'F'),
('C14-0036', 'LUMPAY', 'LUMPAY', 'GLADYS JOY', 'S.', 'BSSW', 'BACHELOR OF SCIENCE ', 2, 'F'),
('C14-0037', 'PACUDAN', 'PACUDAN', 'PRECIOUS MAE', '', 'BSHRM', 'BACHELOR OF SCI IN H', 2, 'F'),
('C14-0039', 'RAMOS', 'RAMOS', 'ALLAN JR.', 'N.', 'AIT', 'TWO-YEAR ACCELERATED', 2, 'M'),
('C14-0040', 'ITUM', 'ITUM', 'ELSIE JOYCE', 'M.', 'BSA', 'BACHELOR OF SCIENCE ', 2, 'F'),
('C14-0041', 'BAGAIPO', 'BAGAIPO', 'ARRA JADE', 'C.', 'BSSW', 'BACHELOR OF SCIENCE ', 2, 'F'),
('C14-0042', 'RAMO', 'RAMO', 'JAREBEL', 'L.', 'BSA', 'BACHELOR OF SCIENCE ', 2, 'F'),
('C14-0043', 'APE', 'APE', 'JULIEBE', 'S.', 'BSSW', 'BACHELOR OF SCIENCE ', 2, 'F'),
('C14-0044', 'APE', 'APE', 'JULIENA', 'S.', 'BSSW', 'BACHELOR OF SCIENCE ', 2, 'F'),
('C14-0045', 'PALAD', 'PALAD', 'SPENCER', 'V.', 'BSA', 'BACHELOR OF SCIENCE ', 2, 'M'),
('C14-0047', 'RAGOT', 'RAGOT', 'RIEL', 'M', 'BSBA', 'BACHELOR OF SCIENCE ', 2, 'M'),
('C14-0048', 'BAJAO', 'BAJAO', 'CATHERINE', '', 'BSCRIM', 'BACHELOR OF SCIENCE ', 2, 'F'),
('C14-0049', 'ABIERA', 'ABIERA', 'RICHZIEL CHZYZ', 'S.', 'BSA', 'BACHELOR OF SCIENCE ', 2, 'F'),
('C14-0050', 'TION', 'TION', 'JAY MARK', 'A.', 'BSCRIM', 'BACHELOR OF SCIENCE ', 2, 'M'),
('C14-0052', 'DAYA', 'DAYA', 'CHRISTOFF JUDE', 'B.', 'BSCRIM', 'BACHELOR OF SCIENCE ', 2, 'M'),
('C14-0055', 'MADERAL', 'MADERAL', 'MA. DORIE', 'A.', 'BSCRIM', 'BACHELOR OF SCIENCE ', 2, 'F'),
('C14-0056', 'GERONA', 'GERONA', 'JAHARA MAE', 'P.', 'BEED', 'BACHELOR IN ELEMENTA', 2, 'F'),
('C14-0058', 'ANACAYA', 'ANACAYA', 'KYRA LEE', 'A.', 'BSED', 'BACHELOR IN SECONDAR', 2, 'F'),
('C14-0060', 'LADRA', 'LADRA', 'CINDY MAE', 'P.', 'BSA', 'BACHELOR OF SCIENCE ', 2, 'F'),
('C14-0061', 'VESTO', 'VESTO', 'ELIZABETH', 'J.', 'BSBA', 'BACHELOR OF SCIENCE ', 2, 'F'),
('C14-0062', 'AMPER', 'AMPER', 'CHRISTINE', 'B.', 'BSED', 'BACHELOR IN SECONDAR', 2, 'F'),
('C14-0063', 'ALVAREZ', 'ALVAREZ', 'REYMOND CHRISTIAN', 'A.', 'BSCRIM', 'BACHELOR OF SCIENCE ', 2, 'M'),
('C14-0064', 'MOFAR', 'MOFAR', 'JOLINA', 'D.', 'BSED', 'BACHELOR IN SECONDAR', 2, 'F'),
('C14-0065', 'JARALBE', 'JARALBE', 'ARCELYN', 'G.', 'BSED', 'BACHELOR IN SECONDAR', 2, 'F'),
('C14-0066', 'MAGALZO', 'MAGALZO', 'SALEEF JAHARA', 'A.', 'BSSW', 'BACHELOR OF SCIENCE ', 2, 'F'),
('C14-0067', 'CAGAS', 'CAGAS', 'MA. NOVA  JOMEVELLE', 'M.', 'BSSW', 'BACHELOR OF SCIENCE ', 2, 'F'),
('C14-0068', 'SAJULAN', 'SAJULAN', 'MACLIN JOY', 'L.', 'BSSW', 'BACHELOR OF SCIENCE ', 2, 'F'),
('C14-0069', 'BRACOZO', 'BRACOZO', 'JAMES PAULO', 'B.', 'BSSW', 'BACHELOR OF SCIENCE ', 2, 'M'),
('C14-0071', 'SOCORUM', 'SOCORUM', 'KHAIRRO', 'B.', 'BSCRIM', 'BACHELOR OF SCIENCE ', 2, 'M'),
('C14-0072', 'ABAD', 'ABAD', 'NOREEN', 'S.', 'BEED', 'BACHELOR IN ELEMENTA', 2, 'F'),
('C14-0073', 'CONDES', 'CONDES', 'JOHN PAUL', 'M.', 'BSAT', 'BACHELOR OF SCIENCE ', 2, 'M'),
('C14-0074', 'LLENA', 'LLENA', 'COLLIN MAE', 'G.', 'BSBA', 'BACHELOR OF SCIENCE ', 2, 'F'),
('C14-0075', 'GADOR, JR.', 'GADOR, JR.', 'ELEAMAR', '', 'BSCRIM', 'BACHELOR OF SCIENCE ', 2, 'M'),
('C14-0076', 'VARQUEZ', 'VARQUEZ', 'RICHMAR', 'E.', 'BSCRIM', 'BACHELOR OF SCIENCE ', 2, 'M'),
('C14-0078', 'DE LARA', 'DE LARA', 'MARK JAMES', 'M.', 'BSCRIM', 'BACHELOR OF SCIENCE ', 2, 'M'),
('C14-0079', 'ODO', 'ODO', 'MA. DOROTHY', 'T.', 'BSED', 'BACHELOR IN SECONDAR', 2, 'F'),
('C14-0080', 'ALIDO', 'ALIDO', 'JASON RYAN', 'R.', 'BSA', 'BACHELOR OF SCIENCE ', 2, 'M'),
('C14-0082', 'COLIS', 'COLIS', 'AIZA', 'C.', 'BEED', 'BACHELOR IN ELEMENTA', 3, 'F'),
('C14-0083', 'MARANAN', 'MARANAN', 'DAY ZYRA KIMH', 'C.', 'BSBA', 'BACHELOR OF SCIENCE ', 1, 'F'),
('C14-0084', 'SALES', 'SALES', 'JESON', 'G.', 'BSCRIM', 'BACHELOR OF SCIENCE ', 2, 'M'),
('C14-0085', 'CAPINIG', 'CAPINIG', 'JOHN ERROL', 'P.', 'BSA', 'BACHELOR OF SCIENCE ', 2, 'M'),
('C14-0086', 'BACASNOT', 'BACASNOT', 'FRANCIS', '', 'BSIT', 'BACHELOR OF SCIENCE ', 2, 'M'),
('C14-0087', 'BACONG', 'BACONG', 'CHRISTE MARCHE', 'P.', 'BSA', 'BACHELOR OF SCIENCE ', 2, 'F'),
('C14-0088', 'MANDAM', 'MANDAM', 'GERARDO', '', 'BSIT', 'BACHELOR OF SCIENCE ', 2, 'M'),
('C14-0089', 'LIMBACO', 'LIMBACO', 'CESIA KIANNA', 'C.', 'BEED', 'BACHELOR IN ELEMENTA', 2, 'F'),
('C14-0092', 'DIAZ', 'DIAZ', 'PAUL REM JEE', '', 'BSED', 'BACHELOR IN SECONDAR', 2, 'M'),
('C14-0093', 'DELLIGOS', 'DELLIGOS', 'LEMRONIEL', 'A.', 'BSA', 'BACHELOR OF SCIENCE ', 2, 'M'),
('C14-0094', 'MERCADO', 'MERCADO', 'MA. KATRINA', 'S.', 'BSBA', 'BACHELOR OF SCIENCE ', 2, 'F'),
('C14-0095', 'ROSABAL, JR.', 'ROSABAL, JR.', 'GLEANDY BERNARD', 'B.', 'BSCRIM', 'BACHELOR OF SCIENCE ', 2, 'M'),
('C14-0096', 'GABIA', 'GABIA', 'DANIEL', 'E.', 'BSHRM', 'BACHELOR OF SCI IN H', 2, 'M'),
('C14-0098', 'ATIS', 'ATIS', 'ALMA JEAN', 'M.', 'BSED', 'BACHELOR IN SECONDAR', 2, 'F'),
('C14-0099', 'ANSIHAGAN', 'ANSIHAGAN', 'CRISTHEL MAY', 'A.', 'BSHRM', 'BACHELOR OF SCI IN H', 2, 'F'),
('C14-0100', 'AMARO', 'AMARO', 'ELYN MARIANE LOVE', 'A.', 'BSIT', 'BACHELOR OF SCIENCE ', 2, 'F'),
('C14-0101', 'LUMANAO', 'LUMANAO', 'NECHEL', 'M.', 'BSSW', 'BACHELOR OF SCIENCE ', 2, 'F'),
('C14-0102', 'BOTERO', 'BOTERO', 'JUSTINE JOY', 'A.', 'BSIT', 'BACHELOR OF SCIENCE ', 2, 'F'),
('C14-0103', 'MAPALO', 'MAPALO', 'JAMES', 'Y.', 'BSCRIM', 'BACHELOR OF SCIENCE ', 2, 'M'),
('C14-0104', 'LAGO', 'LAGO', 'ARVEN', 'P.', 'BSCRIM', 'BACHELOR OF SCIENCE ', 2, 'M'),
('C14-0105', 'REYNALDO', 'REYNALDO', 'KENNETH DAVE', 'Q.', 'BSCRIM', 'BACHELOR OF SCIENCE ', 2, 'M'),
('C14-0106', 'APOSTADERO', 'APOSTADERO', 'MARESTELA', 'T.', 'BSSW', 'BACHELOR OF SCIENCE ', 2, 'F'),
('C14-0107', 'CARZO', 'CARZO', 'JEWELIE DAYNE', 'Q.', 'BSSW', 'BACHELOR OF SCIENCE ', 2, 'F'),
('C14-0108', 'ACENAS', 'ACENAS', 'JEFFERSON', 'A.', 'BSIT', 'BACHELOR OF SCIENCE ', 2, 'M'),
('C14-0109', 'RADA?A', 'RADA?A', 'JEAN', 'E.', 'BSSW', 'BACHELOR OF SCIENCE ', 2, 'F'),
('C14-0110', 'HURTADO', 'HURTADO', 'GINA', 'A.', 'BSED', 'BACHELOR IN SECONDAR', 2, 'F'),
('C14-0111', 'CALVEZ', 'CALVEZ', 'SEAN', 'A.', 'BSED', 'BACHELOR IN SECONDAR', 2, 'M'),
('C14-0113', 'JALE', 'JALE', 'RAIDA FELIZA', 'M.', 'BSHRM', 'BACHELOR OF SCI IN H', 1, 'F'),
('C14-0114', 'ABDULHAMID', 'ABDULHAMID', 'HANIFA', 'U.', 'BSSW', 'BACHELOR OF SCIENCE ', 2, 'F'),
('C14-0118', 'BOMBEO', 'BOMBEO', 'EUNICE', 'R.', 'BSED', 'BACHELOR IN SECONDAR', 2, 'F'),
('C14-0121', 'GUNDAYA', 'GUNDAYA', 'REYSTHY', 'J.', 'BSSW', 'BACHELOR OF SCIENCE ', 2, 'F'),
('C14-0122', 'CA?ETE', 'CA?ETE', 'MARISOL', 'T.', 'BSIT', 'BACHELOR OF SCIENCE ', 2, 'F'),
('C14-0123', 'CASAS', 'CASAS', 'MARICAR JEAN', '', 'BEED', 'BACHELOR IN ELEMENTA', 2, 'F'),
('C14-0124', 'AMORADO', 'AMORADO', 'RUEL, JR.', 'P.', 'BSIT', 'BACHELOR OF SCIENCE ', 2, 'M'),
('C14-0125', 'MANDIN', 'MANDIN', 'JAMES THADDEUS', 'B.', 'BSA', 'BACHELOR OF SCIENCE ', 2, 'M'),
('C14-0126', 'RODRIGUEZ', 'RODRIGUEZ', 'PRINCESS FAITH', 'R.', 'BSHRM', 'BACHELOR OF SCI IN H', 1, 'F'),
('C14-0127', 'RAGMAC', 'RAGMAC', 'NOVIE KEITH LEER', 'M.', 'BSHRM', 'BACHELOR OF SCI IN H', 2, 'F'),
('C14-0128', 'BARRO', 'BARRO', 'LYJIEME', 'T.', 'BSIT', 'BACHELOR OF SCIENCE ', 2, 'M'),
('C14-0129', 'BUNGALON', 'BUNGALON', 'ALLYSA MAE', 'R.', 'BSHRM', 'BACHELOR OF SCI IN H', 1, 'F'),
('C14-0131', 'SABATE', 'SABATE', 'MAVERICK', 'R.', 'BSIT', 'BACHELOR OF SCIENCE ', 2, 'M'),
('C14-0132', 'LIMBARO', 'LIMBARO', 'TRISHA NICOLE', 'A.', 'BSAT', 'BACHELOR OF SCIENCE ', 2, 'F'),
('C14-0134', 'SABUCDALAO', 'SABUCDALAO', 'THERESA MAE', 'N', 'BSA', 'BACHELOR OF SCIENCE ', 2, 'F'),
('C14-0136', 'TAMSE', 'TAMSE', 'MARITCHO', 'G.', 'BEED', 'BACHELOR IN ELEMENTA', 2, 'F'),
('C14-0137', 'JUSON', 'JUSON', 'WAYNE', 'P.', 'BSA', 'BACHELOR OF SCIENCE ', 2, 'M'),
('C14-0138', 'VIRTUDAZO', 'VIRTUDAZO', 'DAISY', 'T.', 'AHRM', 'ASSOCIATE IN HOTEL R', 2, 'F'),
('C14-0139', 'PELOTON', 'PELOTON', 'JHAMMY', 'P.', 'BSED', 'BACHELOR IN SECONDAR', 2, 'F'),
('C14-0140', 'CADELI?A', 'CADELI?A', 'REMELIT', 'F.', 'BSBA', 'BACHELOR OF SCIENCE ', 2, 'F'),
('C14-0141', 'ACEBES', 'ACEBES', 'RICA MAE', 'G.', 'BEED', 'BACHELOR IN ELEMENTA', 2, 'F'),
('C14-0144', 'GUIMARAS', 'GUIMARAS', 'RISA MAE', 'P.', 'BSED', 'BACHELOR IN SECONDAR', 2, 'F'),
('C14-0145', 'OMAHOY', 'OMAHOY', 'KATE JAZZ', 'J.', 'BSIT', 'BACHELOR OF SCIENCE ', 2, 'F'),
('C14-0147', 'DE VILLA', 'DE VILLA', 'MARICAR', 'M.', 'BSCRIM', 'BACHELOR OF SCIENCE ', 2, 'F'),
('C14-0148', 'CUERDO', 'CUERDO', 'DONNA MAE', 'A.', 'BSIT', 'BACHELOR OF SCIENCE ', 2, 'F'),
('C14-0151', 'DY CEZAR', 'DY CEZAR', 'APRIL ROSE', 'B.', 'BSA', 'BACHELOR OF SCIENCE ', 2, 'F'),
('C14-0152', 'REYES', 'REYES', 'REXIE', 'V.', 'BSHRM', 'BACHELOR OF SCI IN H', 2, 'M'),
('C14-0154', 'DUQUE', 'DUQUE', 'JOHN HARVEY', 'B.', 'BSA', 'BACHELOR OF SCIENCE ', 2, 'M'),
('C14-0156', 'MONTALBAN', 'MONTALBAN', 'MAEKO', 'D.', 'BEED', 'BACHELOR IN ELEMENTA', 2, 'F'),
('C14-0157', 'SOTTO', 'SOTTO', 'NI?O JAY', 'A.', 'BSSW', 'BACHELOR OF SCIENCE ', 2, 'M'),
('C14-0158', 'GUANZON', 'GUANZON', 'ANTONIETTE', 'B.', 'BSBA', 'BACHELOR OF SCIENCE ', 2, 'F'),
('C14-0159', 'MADRAZO', 'MADRAZO', 'ODETTE', 'C.', 'BSHRM', 'BACHELOR OF SCI IN H', 2, 'F'),
('C14-0160', 'PUNDOGAR', 'PUNDOGAR', 'LYRIE MAE', 'M.', 'BEED', 'BACHELOR IN ELEMENTA', 2, 'F'),
('C14-0161', 'ENCARNACION', 'ENCARNACION', 'HONEY GRACE', 'B.', 'BSHRM', 'BACHELOR OF SCI IN H', 2, 'F'),
('C14-0162', 'MANZANO', 'MANZANO', 'SHEENA', 'A.', 'BSA', 'BACHELOR OF SCIENCE ', 2, 'F'),
('C14-0163', 'BA?EZ', 'BA?EZ', 'ZANDRO RHYME', 'D.', 'BSSW', 'BACHELOR OF SCIENCE ', 2, 'M'),
('C14-0164', 'TUBO', 'TUBO', 'MARY CRIS', 'O.', 'BSED', 'BACHELOR IN SECONDAR', 2, 'F'),
('C14-0165', 'PAZ', 'PAZ', 'KIETH LESTER', 'O.', 'AIT', 'TWO-YEAR ACCELERATED', 2, 'M'),
('C14-0168', 'IGLESIAS', 'IGLESIAS', 'HEX', 'B.', 'BSED', 'BACHELOR IN SECONDAR', 2, 'M'),
('C14-0170', 'ABRENICA', 'ABRENICA', 'KENNETH JOY MARIE', 'P.', 'BSED', 'BACHELOR IN SECONDAR', 2, 'F'),
('C14-0171', 'ALBERCA', 'ALBERCA', 'JIEDDIE', 'L.', 'BEED', 'BACHELOR IN ELEMENTA', 2, 'F'),
('C14-0172', 'LAGLARIO, JR.', 'LAGLARIO, JR.', 'NOEL', 'C.', 'BSCRIM', 'BACHELOR OF SCIENCE ', 2, 'M'),
('C14-0173', 'CHAVEZ', 'CHAVEZ', 'JESSA CORAZON', 'S.', 'BSA', 'BACHELOR OF SCIENCE ', 2, 'F'),
('C14-0174', 'TUL-ID', 'TUL-ID', 'MARIA EUDELYN MAE', 'G.', 'BEED', 'BACHELOR IN ELEMENTA', 2, 'F'),
('C14-0175', 'LAGURIN', 'LAGURIN', 'CINDY LORAINE', 'B.', 'BSBA', 'BACHELOR OF SCIENCE ', 2, 'F'),
('C14-0176', 'SOSOSCO', 'SOSOSCO', 'MARK ANTHONY', 'T.', 'BSA', 'BACHELOR OF SCIENCE ', 2, 'M'),
('C14-0177', 'PAGAPULA-AN', 'PAGAPULA-AN', 'FAITH JEDEDIAH', 'L.', 'BEED', 'BACHELOR IN ELEMENTA', 2, 'F'),
('C14-0178', 'MENDOZA', 'MENDOZA', 'KENNETH', 'B.', 'BSHRM', 'BACHELOR OF SCI IN H', 2, 'M'),
('C14-0179', 'LANGGA', 'LANGGA', 'JEAH', 'B.', 'BSSW', 'BACHELOR OF SCIENCE ', 2, 'F'),
('C14-0180', 'MERCADO', 'MERCADO', 'JESEL', 'T.', 'BSED', 'BACHELOR IN SECONDAR', 1, 'M'),
('C14-0181', 'LOGATIC', 'LOGATIC', 'JHIAN ROSE', 'G.', 'BSA', 'BACHELOR OF SCIENCE ', 2, 'F'),
('C14-0182', 'GUNDAYA', 'GUNDAYA', 'CHLOE ANNE', 'E.', 'BSBA', 'BACHELOR OF SCIENCE ', 2, 'F'),
('C14-0183', 'ABECIA', 'ABECIA', 'MARY ANN', 'E.', 'BSED', 'BACHELOR IN SECONDAR', 2, 'F'),
('C14-0184', 'SALAZAR', 'SALAZAR', 'KENNY DWEIGHT', 'D.', 'BSA', 'BACHELOR OF SCIENCE ', 2, 'M'),
('C14-0185', 'CABANA', 'CABANA', 'LAWRENCE', 'P.', 'BSHRM', 'BACHELOR OF SCI IN H', 2, 'M'),
('C14-0188', 'CRABAJALES', 'CRABAJALES', 'EDMAR', 'A.', 'BSED', 'BACHELOR IN SECONDAR', 2, 'M'),
('C14-0191', 'CA?ETE', 'CA?ETE', 'MICHELLE ANNE', 'N.', 'BEED', 'BACHELOR IN ELEMENTA', 2, 'F'),
('C14-0192', 'MACAPAGAL', 'MACAPAGAL', 'CIALENE KEITH', 'G.', 'BSN', 'BACHELOR OF SCIENCE ', 2, 'F'),
('C14-0193', 'OLILA', 'OLILA', 'KEAH VANIZA', 'M.', 'BEED', 'BACHELOR IN ELEMENTA', 2, 'F'),
('C14-0194', 'SOLO, RVM', 'SOLO, RVM', 'MA. SELFIANA', 'SA', 'BEED', 'BACHELOR IN ELEMENTA', 2, 'F'),
('C14-0196', 'AMOGUIS', 'AMOGUIS', 'EIRA MAE', '', 'MIDWIFER', 'MIDWIFERY', 2, 'F'),
('C14-0197', 'AMPER', 'AMPER', 'RODA', 'P.', 'BEED', 'BACHELOR IN ELEMENTA', 2, 'F');
INSERT INTO `tbl_student` (`SID`, `Password`, `surname`, `first`, `middle`, `coursecode`, `course`, `level`, `sex`) VALUES
('C14-0198', 'RESULLAR', 'RESULLAR', 'CLAUDINE MARIE', 'C.', 'BSSW', 'BACHELOR OF SCIENCE ', 2, 'F'),
('C14-0199', 'PARDILLO', 'PARDILLO', 'LUXMIE', 'C.', 'BSN', 'BACHELOR OF SCIENCE ', 1, 'F'),
('C14-0200', 'TANDAYON', 'TANDAYON', 'MARJOLYN', 'B.', 'BSHRM', 'BACHELOR OF SCI IN H', 2, 'F'),
('C14-0202', 'DAGOC', 'DAGOC', 'JORGE NICOL', 'A.', 'BSIT', 'BACHELOR OF SCIENCE ', 2, 'M'),
('C14-0205', 'REGIS', 'REGIS', 'BRYAN', 'A.', 'BSCRIM', 'BACHELOR OF SCIENCE ', 1, 'M'),
('C14-0206', 'ARATEA', 'ARATEA', 'DONNA MAE', '', 'AHRM', 'ASSOCIATE IN HOTEL R', 2, 'F'),
('C14-0207', 'RAMO', 'RAMO', 'JULIUS', 'J.', 'BSCRIM', 'BACHELOR OF SCIENCE ', 2, 'M'),
('C14-0209', 'ELLEZO', 'ELLEZO', 'LEVY MAE', 'F.', 'BSCRIM', 'BACHELOR OF SCIENCE ', 2, 'F'),
('C14-0211', 'PONCARDAS', 'PONCARDAS', 'RICKY FRENCH', 'Y.', 'BSED', 'BACHELOR IN SECONDAR', 2, 'M'),
('C14-0214', 'SUMAMPONG', 'SUMAMPONG', 'DAVE', 'S.', 'BSCRIM', 'BACHELOR OF SCIENCE ', 2, 'M'),
('C14-0219', 'TAHOYNON', 'TAHOYNON', 'NEMMAR', 'L.', 'BEED', 'BACHELOR IN ELEMENTA', 2, 'M'),
('C14-0224', 'DAGUAN', 'DAGUAN', 'QUENNIE', 'M.', 'BEED', 'BACHELOR IN ELEMENTA', 2, 'F'),
('C14-0226', 'TINAGHANAO', 'TINAGHANAO', 'JUDY ANN', 'L.', 'BSSW', 'BACHELOR OF SCIENCE ', 2, 'F'),
('C14-0229', 'MARKEN', 'MARKEN', 'MICHELLE', 'L.', 'BSN', 'BACHELOR OF SCIENCE ', 2, 'F'),
('C14-0230', 'PAGAPONG', 'PAGAPONG', 'JOHN PHILLIP', 'N.', 'BSIT', 'BACHELOR OF SCIENCE ', 2, 'M'),
('C14-0231', 'PAGAYAMAN', 'PAGAYAMAN', 'REYNALD', 'A.', 'AHRM', 'ASSOCIATE IN HOTEL R', 2, 'M'),
('C14-0232', 'SALVEDIA', 'SALVEDIA', 'ANNA KESHA', 'P.', 'BSSW', 'BACHELOR OF SCIENCE ', 2, 'F'),
('C14-0233', 'ALE?ABON', 'ALE?ABON', 'LEA', 'B.', 'BSA', 'BACHELOR OF SCIENCE ', 2, 'F'),
('C14-0235', 'GUNDAYA', 'GUNDAYA', 'NOREEN', 'S.', 'BSHRM', 'BACHELOR OF SCI IN H', 2, 'F'),
('C14-0239', 'MERCADO', 'MERCADO', 'ARDELENE', 'A.', 'BEED', 'BACHELOR IN ELEMENTA', 2, 'F'),
('C14-0240', 'CAYUNA', 'CAYUNA', 'KAYE LOVELY', 'M.', 'BSA', 'BACHELOR OF SCIENCE ', 2, 'F'),
('C14-0241', 'UY', 'UY', 'CHERRY MAE', 'G.', 'BSED', 'BACHELOR IN SECONDAR', 2, 'F'),
('C14-0245', 'DAYNOS', 'DAYNOS', 'RAYNA SWETZLE DEVINE', 'V.', 'BSSW', 'BACHELOR OF SCIENCE ', 2, 'F'),
('C14-0248', 'FUENTES', 'FUENTES', 'KHEUZ VANN', 'S.', 'BSIT', 'BACHELOR OF SCIENCE ', 2, 'M'),
('C14-0249', 'BANIGA', 'BANIGA', 'KRYSTAL GOLD', 'M.', 'BSN', 'BACHELOR OF SCIENCE ', 2, 'F'),
('C14-0250', 'ANTIOLA', 'ANTIOLA', 'HANNA LEI', 'C.', 'BSED', 'BACHELOR IN SECONDAR', 1, 'F'),
('C14-0251', 'DAGATAN', 'DAGATAN', 'MICHAEL', 'G.', 'BSA', 'BACHELOR OF SCIENCE ', 2, 'M'),
('C14-0257', 'BORROMEO', 'BORROMEO', 'KEIREN MARIE', 'F.', 'BSA', 'BACHELOR OF SCIENCE ', 2, 'F'),
('C14-0258', 'SANCHEZ', 'SANCHEZ', 'PRINCESS ROSANNA', 'B.', 'BSHRM', 'BACHELOR OF SCI IN H', 2, 'F'),
('C14-0259', 'ORAIZ', 'ORAIZ', 'ARWIN VEMBER', 'J.', 'BSCRIM', 'BACHELOR OF SCIENCE ', 2, 'M'),
('C14-0260', 'ACIDO', 'ACIDO', 'RUSSEL', '', 'BSN', 'BACHELOR OF SCIENCE ', 2, 'F'),
('C14-0261', 'OMAHOY', 'OMAHOY', 'KEEFE RYAN', 'M.', 'BSHRM', 'BACHELOR OF SCI IN H', 2, 'M'),
('C14-0262', 'MAGALLANES', 'MAGALLANES', 'AISA', 'J.', 'MIDWIFER', 'MIDWIFERY', 2, 'F'),
('C14-0264', 'ODCHIGUE', 'ODCHIGUE', 'MERIAN', 'P.', 'BEED', 'BACHELOR IN ELEMENTA', 2, 'F'),
('C14-0265', 'DABLO', 'DABLO', 'ART DAVE', 'M.', 'BEED', 'BACHELOR IN ELEMENTA', 2, 'M'),
('C14-0266', 'BAJA', 'BAJA', 'IRWIL', 'T.', 'BSSW', 'BACHELOR OF SCIENCE ', 1, 'M'),
('C14-0268', 'OMAHOY', 'OMAHOY', 'RYAN VIR', 'M.', 'BSHRM', 'BACHELOR OF SCI IN H', 2, 'M'),
('C14-0269', 'PALMES', 'PALMES', 'RODGEN', 'D.', 'BSED', 'BACHELOR IN SECONDAR', 2, 'M'),
('C14-0270', 'VERULA', 'VERULA', 'LLEVIN DALE', 'T.', 'BSA', 'BACHELOR OF SCIENCE ', 2, 'F'),
('C14-0271', 'BONBON', 'BONBON', 'CHEN CHEN', 'J.', 'BSN', 'BACHELOR OF SCIENCE ', 2, 'F'),
('C14-0273', 'ABAO', 'ABAO', 'APRIL JOY', 'C.', 'BEED', 'BACHELOR IN ELEMENTA', 2, 'F'),
('C14-0274', 'VISORRO', 'VISORRO', 'RHONZEE', 'H.', 'BEED', 'BACHELOR IN ELEMENTA', 2, 'F'),
('C14-0275', 'GULTIANO', 'GULTIANO', 'JELLY DEVINE', 'T.', 'BSHRM', 'BACHELOR OF SCI IN H', 1, 'F'),
('C14-0277', 'DANTE', 'DANTE', 'PAUL DUSTINE', 'C.', 'BSHRM', 'BACHELOR OF SCI IN H', 2, 'M'),
('C14-0281', 'RUBIN', 'RUBIN', 'DISIREE', 'D.', 'BSBA', 'BACHELOR OF SCIENCE ', 2, 'F'),
('C14-0282', 'REYES', 'REYES', 'ALEJA HERA', 'J.', 'BSA', 'BACHELOR OF SCIENCE ', 2, 'F'),
('C14-0288', 'CLARO', 'CLARO', 'JESJOMAR', 'A.', 'BSHRM', 'BACHELOR OF SCI IN H', 2, 'M'),
('C14-0289', 'AMARANTE', 'AMARANTE', 'CRIVAN', 'S.', 'BSHRM', 'BACHELOR OF SCI IN H', 1, 'M'),
('C14-0290', 'CAMARGO', 'CAMARGO', 'IMEE', 'N.', 'BSBA', 'BACHELOR OF SCIENCE ', 2, 'F'),
('C14-0292', 'AGUINID', 'AGUINID', 'VINCENT JAY', 'A.', 'BSA', 'BACHELOR OF SCIENCE ', 2, 'M'),
('C14-0295', 'OCAMPO', 'OCAMPO', 'AXELL DUNN', 'B.', 'BSHRM', 'BACHELOR OF SCI IN H', 4, 'M'),
('C14-0297', 'SALVA?A', 'SALVA?A', 'MARY GRACE', 'D.', 'BSBA', 'BACHELOR OF SCIENCE ', 2, 'F'),
('C14-0298', 'PEREZ', 'PEREZ', 'CHRISTIAN', 'C.', 'BSIT', 'BACHELOR OF SCIENCE ', 2, 'M'),
('C14-0299', 'ELCANA', 'ELCANA', 'MAY FLOR', 'M.', 'BSBA', 'BACHELOR OF SCIENCE ', 2, 'F'),
('C14-0300', 'ARAZO', 'ARAZO', 'HANNA JHANE', 'A.', 'BSSW', 'BACHELOR OF SCIENCE ', 2, 'F'),
('C14-0303', 'PRECILLAS', 'PRECILLAS', 'JHOMEL', 'N.', 'BSCRIM', 'BACHELOR OF SCIENCE ', 2, 'M'),
('C14-0304', 'MACAWILE', 'MACAWILE', 'APRIL MAE AMOR', 'B.', 'BEED', 'BACHELOR IN ELEMENTA', 2, 'F'),
('C14-0308', 'ACAS', 'ACAS', 'GENESIS FERDINAND', 'A.', 'BSN', 'BACHELOR OF SCIENCE ', 2, 'M'),
('C14-0312', 'BA-A', 'BA-A', 'JAY FRANCIS', 'M.', 'BSN', 'BACHELOR OF SCIENCE ', 2, 'M'),
('C14-0313', 'LAODE?O', 'LAODE?O', 'KEVIN', 'U.', 'BSCRIM', 'BACHELOR OF SCIENCE ', 2, 'M'),
('C14-0314', 'ONGUE', 'ONGUE', 'ROGER', 'L.', 'BSIT', 'BACHELOR OF SCIENCE ', 2, 'M'),
('C14-0318', 'GACUS', 'GACUS', 'MARITONI ELLA', 'M.', 'BSBA', 'BACHELOR OF SCIENCE ', 2, 'F'),
('C14-0320', 'BACASNOT', 'BACASNOT', 'ERIC FRANZ', 'G.', 'BSA', 'BACHELOR OF SCIENCE ', 2, 'M'),
('C14-0321', 'JAYME', 'JAYME', 'JOYCEE', 'C.', 'BSBA', 'BACHELOR OF SCIENCE ', 1, 'F'),
('C14-0322', 'LEGASPI', 'LEGASPI', 'ANGELIKA JASMINE', 'E.', 'BSHRM', 'BACHELOR OF SCI IN H', 1, 'F'),
('C14-0325', 'DIOLATA', 'DIOLATA', 'YVONNE', 'B.', 'BSED', 'BACHELOR IN SECONDAR', 2, 'F'),
('C14-0329', 'KHO', 'KHO', 'CHRISTIAN JASON', 'F.', 'BSA', 'BACHELOR OF SCIENCE ', 1, 'M'),
('C14-0330', 'RATILLA', 'RATILLA', 'VINCE NICOLE', 'Y.', 'BSBA', 'BACHELOR OF SCIENCE ', 2, 'M'),
('C15-0001', 'SABELLA', 'SABELLA', 'REYNAN', 'D.', 'BSCRIM', 'BACHELOR OF SCIENCE ', 1, 'M'),
('C15-0002', 'DAGONDON', 'DAGONDON', 'GIAN VINCENT', 'G.', 'AHRM', 'ASSOCIATE IN HOTEL R', 1, 'M'),
('C15-0003', 'PAHALLA', 'PAHALLA', 'VALERIE CLEOFE', 'D.', 'BEED', 'BACHELOR IN ELEMENTA', 1, 'F'),
('C15-0004', 'CABANGAHAN', 'CABANGAHAN', 'JERIZA MAE', 'O.', 'BSSW', 'BACHELOR OF SCIENCE ', 1, 'F'),
('C15-0005', 'MARTIZANO', 'MARTIZANO', 'PRINCESS PAOLA', 'T.', 'BSSW', 'BACHELOR OF SCIENCE ', 1, 'F'),
('C15-0006', 'MOGOL', 'MOGOL', 'AERON', 'D.', 'BSA', 'BACHELOR OF SCIENCE ', 1, 'M'),
('C15-0007', 'SAQUILON', 'SAQUILON', 'ROXANNE', 'G.', 'BEED', 'BACHELOR IN ELEMENTA', 1, 'F'),
('C15-0008', 'BORROMEO', 'BORROMEO', 'CHESTER OWEN', 'A.', 'BSIT', 'BACHELOR OF SCIENCE ', 1, 'M'),
('C15-0009', 'PEREZ', 'PEREZ', 'NELEH MAUREEN', 'K.', 'BEED', 'BACHELOR IN ELEMENTA', 1, 'F'),
('C15-0010', 'SENUNTA', 'SENUNTA', 'CARINA', 'D.', 'BSA', 'BACHELOR OF SCIENCE ', 1, 'F'),
('C15-0011', 'ALEGADO', 'ALEGADO', 'ERIC JAN', 'B.', 'BSIT', 'BACHELOR OF SCIENCE ', 1, 'M'),
('C15-0012', 'ALEGADO', 'ALEGADO', 'ERICA FAITH', 'B.', 'BSA', 'BACHELOR OF SCIENCE ', 1, 'F'),
('C15-0014', 'VILLANUEVA', 'VILLANUEVA', 'DARLYN', 'R.', 'BSCRIM', 'BACHELOR OF SCIENCE ', 1, 'F'),
('C15-0015', 'GOMONIT', 'GOMONIT', 'KEVIN', 'B.', 'BSBA', 'BACHELOR OF SCIENCE ', 1, 'M'),
('C15-0016', 'PALLUGNA', 'PALLUGNA', 'STEPHANIE', 'A.', 'BSA', 'BACHELOR OF SCIENCE ', 1, 'F'),
('C15-0017', 'MANGARON', 'MANGARON', 'HANNAH JOY', 'I.', 'BSSW', 'BACHELOR OF SCIENCE ', 1, 'F'),
('C15-0018', 'NEGRO', 'NEGRO', 'KIT', 'L.', 'BSED', 'BACHELOR IN SECONDAR', 1, 'M'),
('C15-0019', 'VILLACORTA', 'VILLACORTA', 'RONALD', 'B.', 'BSED', 'BACHELOR IN SECONDAR', 1, 'M'),
('C15-0020', 'BAJALA', 'BAJALA', 'MERAJED', 'B.', 'BSBA', 'BACHELOR OF SCIENCE ', 1, 'F'),
('C15-0021', 'RODRIGUEZ', 'RODRIGUEZ', 'ZARAH JOY', 'F.', 'BSA', 'BACHELOR OF SCIENCE ', 1, 'F'),
('C15-0023', 'SUMANPAN', 'SUMANPAN', 'CHRISTINE JOY', 'L.', 'BSED', 'BACHELOR IN SECONDAR', 1, 'F'),
('C15-0024', 'GORRA', 'GORRA', 'REGIN REX', 'P.', 'BSHRM', 'BACHELOR OF SCI IN H', 1, 'M'),
('C15-0025', 'OBEDENCIO', 'OBEDENCIO', 'JEZREEL', 'S.', 'BSED', 'BACHELOR IN SECONDAR', 1, 'M'),
('C15-0026', 'DABLO', 'DABLO', 'IKEM', 'M.', 'BSSW', 'BACHELOR OF SCIENCE ', 1, 'M'),
('C15-0027', 'ANDOY', 'ANDOY', 'JEMS IANNE', 'O.', 'BSCRIM', 'BACHELOR OF SCIENCE ', 1, 'M'),
('C15-0028', 'MANSEGUIAO', 'MANSEGUIAO', 'RIZA JANE', 'B.', 'BSA', 'BACHELOR OF SCIENCE ', 1, 'F'),
('C15-0030', 'FUSCABLO', 'FUSCABLO', 'REINA MAY', 'T.', 'BSHRM', 'BACHELOR OF SCI IN H', 1, 'F'),
('C15-0031', 'ALI?ABON', 'ALI?ABON', 'RHANDELL', 'L.', 'BSIT', 'BACHELOR OF SCIENCE ', 1, 'M'),
('C15-0032', 'AMPOLOQUIO', 'AMPOLOQUIO', 'CLARISSE JASMIN', 'I.', 'BSA', 'BACHELOR OF SCIENCE ', 1, 'F'),
('C15-0033', 'IWAYAN', 'IWAYAN', 'TRECIA MAE', 'A.', 'BSA', 'BACHELOR OF SCIENCE ', 1, 'F'),
('C15-0034', 'ROCAT', 'ROCAT', 'RICHARD NEIL', 'E.', 'BSA', 'BACHELOR OF SCIENCE ', 1, 'M'),
('C15-0035', 'BALATERO', 'BALATERO', 'SWEET HAZEL', 'T.', 'BSCRIM', 'BACHELOR OF SCIENCE ', 1, 'F'),
('C15-0036', 'BIRONDO', 'BIRONDO', 'STELLA', '', 'BSN', 'BACHELOR OF SCIENCE ', 1, 'F'),
('C15-0037', 'ENRIQUEZ', 'ENRIQUEZ', 'ERICKA KLAIRE', 'C.', 'BSHRM', 'BACHELOR OF SCI IN H', 1, 'F'),
('C15-0038', 'ZAMBRANO', 'ZAMBRANO', 'QUEENIE ROSE', 'A.', 'BSA', 'BACHELOR OF SCIENCE ', 1, 'F'),
('C15-0039', 'AMISOLA', 'AMISOLA', 'MARIECON JAY', 'B.', 'BSSW', 'BACHELOR OF SCIENCE ', 1, 'F'),
('C15-0041', 'TUBO', 'TUBO', 'MILBOY', '', 'BSIT', 'BACHELOR OF SCIENCE ', 1, 'M'),
('C15-0042', 'CABANA', 'CABANA', 'MARIELE', 'D.', 'BSN', 'BACHELOR OF SCIENCE ', 1, 'F'),
('C15-0043', 'TIZON', 'TIZON', 'RENE JIANNI BRENT', 'C.', 'BSA', 'BACHELOR OF SCIENCE ', 1, 'M'),
('C15-0044', 'CADAYONA', 'CADAYONA', 'ARVIE JEAN', 'P.', 'BEED', 'BACHELOR IN ELEMENTA', 1, 'F'),
('C15-0045', 'MORALES', 'MORALES', 'CRISTINE MAE', 'V.', 'BEED', 'BACHELOR IN ELEMENTA', 1, 'F'),
('C15-0046', 'AMADOR', 'AMADOR', 'GESILA MAE', 'L.', 'BEED', 'BACHELOR IN ELEMENTA', 1, 'F'),
('C15-0047', 'BONGALOS', 'BONGALOS', 'KRISTIAN KYLE', 'C.', 'BSHRM', 'BACHELOR OF SCI IN H', 1, 'M'),
('C15-0048', 'BERDON', 'BERDON', 'JOANNE FRANCES', 'C.', 'BSN', 'BACHELOR OF SCIENCE ', 1, 'F'),
('C15-0049', 'BOLO', 'BOLO', 'SHIELA', 'C.', 'BSA', 'BACHELOR OF SCIENCE ', 1, 'F'),
('C15-0052', 'GERALI', 'GERALI', 'PAUL DOVER', 'R.', 'BSA', 'BACHELOR OF SCIENCE ', 1, 'M'),
('C15-0053', 'CREDO', 'CREDO', 'NICE DESTINY', 'L.', 'BSA', 'BACHELOR OF SCIENCE ', 1, 'F'),
('C15-0054', 'BELTRAN', 'BELTRAN', 'NACELL', 'L.', 'BSCRIM', 'BACHELOR OF SCIENCE ', 1, 'F'),
('C15-0055', 'TEVES', 'TEVES', 'ARVIN', 'V.', 'BSHRM', 'BACHELOR OF SCI IN H', 1, 'M'),
('C15-0056', 'CALLO', 'CALLO', 'CECILLE-ANN', 'A.', 'BSED', 'BACHELOR IN SECONDAR', 1, 'F'),
('C15-0057', 'BUCIO', 'BUCIO', 'PRECHIE JOY', 'M.', 'BSED', 'BACHELOR IN SECONDAR', 1, 'F'),
('C15-0058', 'TANIO', 'TANIO', 'JUN AUBRY', 'B.', 'BSIT', 'BACHELOR OF SCIENCE ', 1, 'M'),
('C15-0059', 'SAHILAN', 'SAHILAN', 'MELVIN NER', 'C.', 'BSIT', 'BACHELOR OF SCIENCE ', 1, 'M'),
('C15-0060', 'MERCADO', 'MERCADO', 'JOSHUA', 'B.', 'BSED', 'BACHELOR IN SECONDAR', 1, 'M'),
('C15-0062', 'PETALLANA', 'PETALLANA', 'BENJAMIN', 'V.', 'BSED', 'BACHELOR IN SECONDAR', 1, 'M'),
('C15-0063', 'HARTIGAN', 'HARTIGAN', 'MARY GRACE', 'D.', 'BSED', 'BACHELOR IN SECONDAR', 1, 'F'),
('C15-0064', 'AMARANTE', 'AMARANTE', 'MIRJANA MARIE', 'B.', 'BSED', 'BACHELOR IN SECONDAR', 1, 'F'),
('C15-0066', 'NANUAL, JR.', 'NANUAL, JR.', 'EFEPANIO', 'B.', 'BSA', 'BACHELOR OF SCIENCE ', 1, 'M'),
('C15-0067', 'IDJAO', 'IDJAO', 'CHRISTIAN KENNETH', 'A.', 'BSIT', 'BACHELOR OF SCIENCE ', 1, 'M'),
('C15-0068', 'MEDIANTE', 'MEDIANTE', 'IVANDER', '', 'BSA', 'BACHELOR OF SCIENCE ', 1, 'M'),
('C15-0070', 'ABOC', 'ABOC', 'STEPHANIE', 'A.', 'BEED', 'BACHELOR IN ELEMENTA', 1, 'F'),
('C15-0071', 'VIDALLO', 'VIDALLO', 'AEREXUZ', 'A.', 'BSCRIM', 'BACHELOR OF SCIENCE ', 1, 'M'),
('C15-0072', 'OBEMIO', 'OBEMIO', 'JOHN REY', 'N.', 'BSA', 'BACHELOR OF SCIENCE ', 1, 'M'),
('C15-0074', 'ORAIZ', 'ORAIZ', 'JESSA', 'E.', 'BSIT', 'BACHELOR OF SCIENCE ', 1, 'F'),
('C15-0075', 'AYAG', 'AYAG', 'BALIN', '', 'BSA', 'BACHELOR OF SCIENCE ', 1, 'M'),
('C15-0076', 'ASILO', 'ASILO', 'JAN VINCENT SAM', 'A.', 'BSIT', 'BACHELOR OF SCIENCE ', 1, 'M'),
('C15-0077', 'PRIN', 'PRIN', 'MYNARD BUTCH', 'M.', 'BSIT', 'BACHELOR OF SCIENCE ', 1, 'M'),
('C15-0078', 'DALIT', 'DALIT', 'CHANTELLE LUIS', 'L.', 'BSIT', 'BACHELOR OF SCIENCE ', 1, 'M'),
('C15-0079', 'ZAMORA', 'ZAMORA', 'CHERRIE MAE', 'S.', 'BSSW', 'BACHELOR OF SCIENCE ', 1, 'F'),
('C15-0080', 'FLORES', 'FLORES', 'GRANT KENNETH', 'D.', 'BSA', 'BACHELOR OF SCIENCE ', 1, 'M'),
('C15-0081', 'BAGUIZ', 'BAGUIZ', 'BJEVYREX', 'P.', 'BSCRIM', 'BACHELOR OF SCIENCE ', 1, 'M'),
('C15-0082', 'BAGUIZ', 'BAGUIZ', 'MC ROBERT', 'P.', 'BSCRIM', 'BACHELOR OF SCIENCE ', 1, 'M'),
('C15-0083', 'DAQUILA, JR.', 'DAQUILA, JR.', 'ARNEL', 'D.', 'BSCRIM', 'BACHELOR OF SCIENCE ', 1, 'M'),
('C15-0084', 'MARQUEZ', 'MARQUEZ', 'CHANDELIER', 'G.', 'BSCRIM', 'BACHELOR OF SCIENCE ', 1, 'M'),
('C15-0085', 'BLANCAFLOR', 'BLANCAFLOR', 'CHRISSA', 'A.', 'BSHRM', 'BACHELOR OF SCI IN H', 1, 'F'),
('C15-0086', 'PELAREJA', 'PELAREJA', 'MANDY', 'A.', 'BSCRIM', 'BACHELOR OF SCIENCE ', 1, 'M'),
('C15-0087', 'CABUTIN', 'CABUTIN', 'GEBET', 'M.', 'BSCRIM', 'BACHELOR OF SCIENCE ', 1, 'M'),
('C15-0088', 'CALU?A', 'CALU?A', 'MIGHT KESSER JACK', 'B.', 'BSCRIM', 'BACHELOR OF SCIENCE ', 1, 'M'),
('C15-0089', 'CABELTIS', 'CABELTIS', 'JESELL', 'B.', 'BEED', 'BACHELOR IN ELEMENTA', 1, 'F'),
('C15-0090', 'LIMO', 'LIMO', 'MARY CHRIS', 'C.', 'BSSW', 'BACHELOR OF SCIENCE ', 1, 'F'),
('C15-0091', 'JADOL', 'JADOL', 'JOHN ROBERT', 'Y.', 'BSED', 'BACHELOR IN SECONDAR', 1, 'M'),
('C15-0092', 'DELAGANAR', 'DELAGANAR', 'MARIELYN', 'B.', 'BSHRM', 'BACHELOR OF SCI IN H', 1, 'F'),
('C15-0093', 'MARANAN', 'MARANAN', 'ALEXA MAE', 'C.', 'BSBA', 'BACHELOR OF SCIENCE ', 1, 'F'),
('C15-0094', 'BIWANG', 'BIWANG', 'JAYSON', 'R.', 'BSCRIM', 'BACHELOR OF SCIENCE ', 1, 'M'),
('C15-0095', 'MEJARES', 'MEJARES', 'CHELSEA JUNE', 'B.', 'BSCRIM', 'BACHELOR OF SCIENCE ', 1, 'F'),
('C15-0096', 'MALTO', 'MALTO', 'LIESTHER JOHN', 'V.', 'BSHRM', 'BACHELOR OF SCI IN H', 1, 'M'),
('C15-0097', 'BONDAL', 'BONDAL', 'MA. RHENNA JANE', 'A.', 'BSA', 'BACHELOR OF SCIENCE ', 1, 'F'),
('C15-0098', 'CA?ETE', 'CA?ETE', 'WYSANDRA', 'Q.', 'BSSW', 'BACHELOR OF SCIENCE ', 1, 'F'),
('C15-0099', 'KIONISALA', 'KIONISALA', 'GIAN PAOLO', 'V.', 'BSA', 'BACHELOR OF SCIENCE ', 1, 'M'),
('C15-0100', 'ACHAS', 'ACHAS', 'MICHELLE MAE', 'J.', 'BSHRM', 'BACHELOR OF SCI IN H', 1, 'F'),
('C15-0101', 'JUANILLO', 'JUANILLO', 'ELLA KRIZIA', 'D.', 'BSHRM', 'BACHELOR OF SCI IN H', 1, 'F'),
('C15-0102', 'GUIBONE', 'GUIBONE', 'ADONNA  JOY', 'A.', 'BSBA', 'BACHELOR OF SCIENCE ', 1, 'F'),
('C15-0103', 'PELESCO', 'PELESCO', 'SHEILA MARIE', 'B.', 'BSHRM', 'BACHELOR OF SCI IN H', 1, 'F'),
('C15-0104', 'ARELLANO', 'ARELLANO', 'SHE ANN MAYETTE', 'L.', 'BSA', 'BACHELOR OF SCIENCE ', 1, 'F'),
('C15-0105', 'AGIR', 'AGIR', 'JELLY JOY', 'L.', 'BSN', 'BACHELOR OF SCIENCE ', 1, 'F'),
('C15-0106', 'DE LARA', 'DE LARA', 'LORAELI DAWN', 'C.', 'BSA', 'BACHELOR OF SCIENCE ', 1, 'F'),
('C15-0107', 'ABUTAN', 'ABUTAN', 'MARY LANCEL', 'B.', 'AB', 'BACHELOR OF ARTS', 1, 'F'),
('C15-0108', 'GUNDAYA', 'GUNDAYA', 'JUDE MICHEL', 'C.', 'BSIT', 'BACHELOR OF SCIENCE ', 1, 'M'),
('C15-0109', 'RESMEROS', 'RESMEROS', 'MA. CELINA', 'R.', 'BSSW', 'BACHELOR OF SCIENCE ', 1, 'F'),
('C15-0110', 'LA?AS', 'LA?AS', 'ATHENA DAXSY', 'M.', 'BSED', 'BACHELOR IN SECONDAR', 1, 'F'),
('C15-0111', 'INTING', 'INTING', 'KATE JENNETH', 'G.', 'BSBA', 'BACHELOR OF SCIENCE ', 1, 'F'),
('C15-0112', 'POROL', 'POROL', 'GLADYL MAE', 'A.', 'BSSW', 'BACHELOR OF SCIENCE ', 1, 'F'),
('C15-0113', 'ABUTAN', 'ABUTAN', 'FINE LOVE', 'M.', 'BSSW', 'BACHELOR OF SCIENCE ', 1, 'F'),
('C15-0114', 'JAYO', 'JAYO', 'SHAHONNEY', 'R.', 'BSA', 'BACHELOR OF SCIENCE ', 1, 'F'),
('C15-0115', 'OSING', 'OSING', 'ALGEL', 'S.', 'BSCRIM', 'BACHELOR OF SCIENCE ', 1, 'M'),
('C15-0116', 'AMOLAT', 'AMOLAT', 'FRECHE MAE', 'G', 'BSED', 'BACHELOR IN SECONDAR', 1, 'F'),
('C15-0117', 'CILON', 'CILON', 'JESSA', 'R.', 'BSED', 'BACHELOR IN SECONDAR', 1, 'F'),
('C15-0118', 'BALANGITAO JR.', 'BALANGITAO JR.', 'EDDIE', 'N.', 'BSED', 'BACHELOR IN SECONDAR', 1, 'M'),
('C15-0120', 'ABREGANA', 'ABREGANA', 'MOKARA LEILA', 'P.', 'BSHRM', 'BACHELOR OF SCI IN H', 1, 'F'),
('C15-0121', 'TABUNO', 'TABUNO', 'ESTEFANIE', '', 'BSIT', 'BACHELOR OF SCIENCE ', 1, 'F'),
('C15-0122', 'ZABALLERO', 'ZABALLERO', 'LOVELYMIE', 'R.', 'BSA', 'BACHELOR OF SCIENCE ', 1, 'F'),
('C15-0123', 'DANLOG', 'DANLOG', 'CARLA', 'B.', 'AHRM', 'ASSOCIATE IN HOTEL R', 1, 'F'),
('C15-0124', 'PA?AMOGAN', 'PA?AMOGAN', 'ALBERT', 'S.', 'BEED', 'BACHELOR IN ELEMENTA', 1, 'M'),
('C15-0125', 'PAYLANGCO', 'PAYLANGCO', 'JENESA', 'A.', 'BSSW', 'BACHELOR OF SCIENCE ', 1, 'F'),
('C15-0126', 'CARALDE', 'CARALDE', 'ALLEZAH JEAN', 'A.', 'BSCRIM', 'BACHELOR OF SCIENCE ', 1, 'F'),
('C15-0127', 'MASOCOL', 'MASOCOL', 'FERLY JOY', 'P.', 'BSED', 'BACHELOR IN SECONDAR', 1, 'F'),
('C15-0128', 'BUHAWE', 'BUHAWE', 'SANDIE', 'T.', 'BSBA', 'BACHELOR OF SCIENCE ', 1, 'M'),
('C15-0130', 'TINONGA', 'TINONGA', 'LENIE', 'J.', 'BSBA', 'BACHELOR OF SCIENCE ', 1, 'F'),
('C15-0131', 'HALLAZGO', 'HALLAZGO', 'JESSA MAE', 'G.', 'BSA', 'BACHELOR OF SCIENCE ', 1, 'F'),
('C15-0132', 'SIMBAJON', 'SIMBAJON', 'CHANIVY', 'M.', 'BSA', 'BACHELOR OF SCIENCE ', 1, 'F'),
('C15-0133', 'ABIAN', 'ABIAN', 'JAN BLESSIE', 'G.', 'BSCRIM', 'BACHELOR OF SCIENCE ', 1, 'F'),
('C15-0134', 'SALIDO', 'SALIDO', 'GENALEEN MAE', 'N.', 'BEED', 'BACHELOR IN ELEMENTA', 1, 'F'),
('C15-0135', 'GONZALES', 'GONZALES', 'MARLON', 'V.', 'BSED', 'BACHELOR IN SECONDAR', 1, 'M'),
('C15-0136', 'DUBLIN', 'DUBLIN', 'JC NOLIN', 'C.', 'BSIT', 'BACHELOR OF SCIENCE ', 1, 'M'),
('C15-0137', 'FELICILDA', 'FELICILDA', 'RODEVICK', 'L.', 'BSCRIM', 'BACHELOR OF SCIENCE ', 1, 'M'),
('C15-0138', 'HURTADO', 'HURTADO', 'JHON GERARD', 'M.', 'BSIT', 'BACHELOR OF SCIENCE ', 1, 'M'),
('C15-0139', 'ANTONY', 'ANTONY', 'BLESSA', 'A.', 'BEED', 'BACHELOR IN ELEMENTA', 1, 'F'),
('C15-0140', 'REGIS', 'REGIS', 'JAMES RUSSEL', '', 'BSCRIM', 'BACHELOR OF SCIENCE ', 1, 'M'),
('C15-0142', 'ALMONIA', 'ALMONIA', 'AL CHRISTIAN', 'P.', 'BSCRIM', 'BACHELOR OF SCIENCE ', 1, 'M'),
('C15-0143', 'ESTRERA', 'ESTRERA', 'RIZHIEL DAWN', 'R.', 'BSSW', 'BACHELOR OF SCIENCE ', 1, 'F'),
('C15-0144', 'OLILA', 'OLILA', 'MARY JOY', 'D.', 'BSED', 'BACHELOR IN SECONDAR', 1, 'F'),
('C15-0145', 'TORRES', 'TORRES', 'REY', 'B.', 'BSSW', 'BACHELOR OF SCIENCE ', 1, 'M'),
('C15-0147', 'SALUPER', 'SALUPER', 'CHARISS LOU', 'P.', 'BSA', 'BACHELOR OF SCIENCE ', 1, 'F'),
('C15-0149', 'MAGTO', 'MAGTO', 'ALFIE MARIE', 'S.', 'BSA', 'BACHELOR OF SCIENCE ', 1, 'F'),
('C15-0150', 'BONBON', 'BONBON', 'MARK BRYAN', '', 'BSCRIM', 'BACHELOR OF SCIENCE ', 1, 'M'),
('C15-0151', 'IGNALIG', 'IGNALIG', 'MARY KIT', 'B.', 'BSHRM', 'BACHELOR OF SCI IN H', 1, 'F'),
('C15-0152', 'BACLAYO', 'BACLAYO', 'LOUVILLE', '', 'BSHRM', 'BACHELOR OF SCI IN H', 1, 'F'),
('C15-0153', 'QUIRABAN', 'QUIRABAN', 'LODINA', 'S.', 'AHRM', 'ASSOCIATE IN HOTEL R', 1, 'F'),
('C15-0154', 'OCAMPO', 'OCAMPO', 'ABEGAILE', 'N.', 'BSHRM', 'BACHELOR OF SCI IN H', 1, 'F'),
('C15-0155', 'OLILA', 'OLILA', 'RONALD JAMES', 'D.', 'BSED', 'BACHELOR IN SECONDAR', 1, 'M'),
('C15-0156', 'MURILLO', 'MURILLO', 'TRIXY', 'D.', 'BSA', 'BACHELOR OF SCIENCE ', 1, 'F'),
('C15-0157', 'MOLERO', 'MOLERO', 'RESTY', 'C.', 'BSED', 'BACHELOR IN SECONDAR', 1, 'F'),
('C15-0158', 'CAHARIAN', 'CAHARIAN', 'HEREL MARY', 'A.', 'BSA', 'BACHELOR OF SCIENCE ', 1, 'F'),
('C15-0160', 'LABIAL', 'LABIAL', 'LOURENCE JUNE', 'C.', 'BSSW', 'BACHELOR OF SCIENCE ', 1, 'F'),
('C15-0161', 'CARALDE', 'CARALDE', 'JANRYL', 'R.', 'BSHRM', 'BACHELOR OF SCI IN H', 1, 'M'),
('C15-0164', 'AGUILAR', 'AGUILAR', 'CHRISTHIAN ROY', 'L.', 'BSED', 'BACHELOR IN SECONDAR', 1, 'M'),
('C15-0165', 'TAYONG', 'TAYONG', 'CHRISTINE JOY', 'C.', 'BSED', 'BACHELOR IN SECONDAR', 1, 'F'),
('C15-0166', 'GALO', 'GALO', 'GELLA', 'P.', 'BSHRM', 'BACHELOR OF SCI IN H', 1, 'F'),
('C15-0167', 'QUIMSON', 'QUIMSON', 'XENA', 'N.', 'BSHRM', 'BACHELOR OF SCI IN H', 1, 'F'),
('C15-0168', 'ROSALINDA', 'ROSALINDA', 'ROSELYN', 'B.', 'BSED', 'BACHELOR IN SECONDAR', 1, 'F'),
('C15-0169', 'HILUDO', 'HILUDO', 'JOSE GABRIEL', '', 'BSA', 'BACHELOR OF SCIENCE ', 1, 'M'),
('C15-0170', 'BAGUIZ', 'BAGUIZ', 'SASTIERRE GERTRUDE', 'P.', 'BSCRIM', 'BACHELOR OF SCIENCE ', 1, 'F'),
('C15-0171', 'AGNES', 'AGNES', 'LLOYD LESTER', 'R.', 'BSSW', 'BACHELOR OF SCIENCE ', 1, 'M'),
('C15-0173', 'CAMBALON', 'CAMBALON', 'SHIENA MAE', '', 'BSA', 'BACHELOR OF SCIENCE ', 1, 'F'),
('C15-0174', 'BALISTOY', 'BALISTOY', 'GREFER CLOI', 'B.', 'BSCRIM', 'BACHELOR OF SCIENCE ', 1, 'M'),
('C15-0175', 'ELAGO', 'ELAGO', 'NOVELEEN', 'B.', 'BSIT', 'BACHELOR OF SCIENCE ', 1, 'F'),
('C15-0176', 'DAQUILA', 'DAQUILA', 'RENALIZA', 'D.', 'BSCRIM', 'BACHELOR OF SCIENCE ', 1, 'F'),
('C15-0177', 'FEROLINO', 'FEROLINO', 'GABRIEL', 'S.', 'BSHRM', 'BACHELOR OF SCI IN H', 1, 'M'),
('C15-0178', 'MASIBAY', 'MASIBAY', 'MARLI ROSE', 'G.', 'BSA', 'BACHELOR OF SCIENCE ', 1, 'F'),
('C15-0179', 'MENIL', 'MENIL', 'KEVIN CLINT', 'S.', 'AB', 'BACHELOR OF ARTS', 1, 'M'),
('C15-0180', 'JAVELONA', 'JAVELONA', 'JIKKO MAR', 'B.', 'BSHRM', 'BACHELOR OF SCI IN H', 1, 'M'),
('C15-0181', 'VILLAMOR', 'VILLAMOR', 'MARK ANTHONY', '', 'BSIT', 'BACHELOR OF SCIENCE ', 1, 'M'),
('C15-0182', 'REQUIZ', 'REQUIZ', 'JHEMEZA', 'A.', 'BSHRM', 'BACHELOR OF SCI IN H', 1, 'F'),
('C15-0183', 'DESPI', 'DESPI', 'RUDY', 'D.', 'BSSW', 'BACHELOR OF SCIENCE ', 1, 'M'),
('C15-0184', 'DAGOC', 'DAGOC', 'CHARLOTTE', 'A.', 'BSED', 'BACHELOR IN SECONDAR', 1, 'F'),
('C15-0185', 'ABUGHO', 'ABUGHO', 'JULITA', 'P.', 'BSED', 'BACHELOR IN SECONDAR', 1, 'F'),
('C15-0186', 'BUNGALON', 'BUNGALON', 'KIA JANE', 'M.', 'BSSW', 'BACHELOR OF SCIENCE ', 1, 'F'),
('C15-0187', 'CABUTIN', 'CABUTIN', 'JHON KIM', 'M.', 'BSCRIM', 'BACHELOR OF SCIENCE ', 1, 'M'),
('C15-0188', 'LEE', 'LEE', 'JET MCRAE', 'SY', 'BSHRM', 'BACHELOR OF SCI IN H', 1, 'M'),
('C15-0189', 'MAGATAO', 'MAGATAO', 'REY AICON', 'A.', 'BSIT', 'BACHELOR OF SCIENCE ', 1, 'M'),
('C15-0190', 'RAGOT', 'RAGOT', 'RAYMOND', 'A.', 'BSIT', 'BACHELOR OF SCIENCE ', 1, 'M'),
('C15-0191', 'MACAWILE', 'MACAWILE', 'EDEN GEL', 'A.', 'BSED', 'BACHELOR IN SECONDAR', 1, 'F'),
('C15-0194', 'ABELLA', 'ABELLA', 'ALDREN', 'T.', 'AHRM', 'ASSOCIATE IN HOTEL R', 1, 'M'),
('C15-0196', 'DIAZ', 'DIAZ', 'GIOVANNI MARCY', 'V.', 'BSED', 'BACHELOR IN SECONDAR', 1, 'F'),
('C15-0197', 'VIRTUDAZO', 'VIRTUDAZO', 'MARK JOSHEL', 'R.', 'AHRM', 'ASSOCIATE IN HOTEL R', 1, 'M'),
('C15-0198', 'LLEMIT', 'LLEMIT', 'LEONICEL', 'T.', 'BSED', 'BACHELOR IN SECONDAR', 1, 'F'),
('C15-0199', 'SALAZAR', 'SALAZAR', 'JESSA MAYE', 'S.', 'BSA', 'BACHELOR OF SCIENCE ', 1, 'F'),
('C15-0201', 'OROPIANO', 'OROPIANO', 'MHAYETTE', 'O.', 'BSED', 'BACHELOR IN SECONDAR', 1, 'F'),
('C15-0202', 'CABANA', 'CABANA', 'NISLY', 'P.', 'BSED', 'BACHELOR IN SECONDAR', 1, 'F'),
('C15-0203', 'CERDI?A', 'CERDI?A', 'EDILBERT', 'S.', 'BSCRIM', 'BACHELOR OF SCIENCE ', 1, 'M'),
('C15-0204', 'MAMAKI', 'MAMAKI', 'JOHARRA BRITTLINN', '', 'BSA', 'BACHELOR OF SCIENCE ', 1, 'F'),
('C15-0205', 'CARCIDO', 'CARCIDO', 'ALANIS', 'E.', 'BSN', 'BACHELOR OF SCIENCE ', 1, 'F'),
('C15-0207', 'CARCIDO', 'CARCIDO', 'ALEXIUS', 'E.', 'BSSW', 'BACHELOR OF SCIENCE ', 1, 'M'),
('C15-0209', 'VELASCO', 'VELASCO', 'KEITH GRANT', 'S.', 'BSIT', 'BACHELOR OF SCIENCE ', 1, 'M'),
('C15-0210', 'VELASCO', 'VELASCO', 'NEAL GRANT', 'S.', 'BSA', 'BACHELOR OF SCIENCE ', 1, 'M'),
('C15-0211', 'LUSPO', 'LUSPO', 'MENCHIE', '', 'BSHRM', 'BACHELOR OF SCI IN H', 1, 'F'),
('C15-0213', 'MEJARES', 'MEJARES', 'JAYLON', 'P.', 'BSIT', 'BACHELOR OF SCIENCE ', 1, 'M'),
('C15-0214', 'GALUPO', 'GALUPO', 'JAYBERT', 'R.', 'BEED', 'BACHELOR IN ELEMENTA', 1, 'M'),
('C15-0216', 'MILANO', 'MILANO', 'LOUELLA', 'C.', 'BSSW', 'BACHELOR OF SCIENCE ', 1, 'F'),
('C15-0217', 'DE JESUS', 'DE JESUS', 'CARL JOHN', 'A.', 'BSCRIM', 'BACHELOR OF SCIENCE ', 1, 'M'),
('C15-0218', 'JAVELONA', 'JAVELONA', 'CAREN STEPHANIE', 'C.', 'BSCRIM', 'BACHELOR OF SCIENCE ', 1, 'F'),
('C15-0219', 'PALAD', 'PALAD', 'IRINE JOY', 'Y.', 'BSED', 'BACHELOR IN SECONDAR', 1, 'F'),
('C15-0220', 'INDAT', 'INDAT', 'JOY MARIE', 'C.', 'BSA', 'BACHELOR OF SCIENCE ', 1, 'F'),
('C15-0221', 'AMORA', 'AMORA', 'APPLE MAY', 'A.', 'BSA', 'BACHELOR OF SCIENCE ', 1, 'F'),
('C15-0222', 'VILLAMOR', 'VILLAMOR', 'ARIEL', 'B.', 'AHRM', 'ASSOCIATE IN HOTEL R', 1, 'M'),
('C15-0223', 'PALAD', 'PALAD', 'DARWIN JOSEPH', 'C.', 'BSED', 'BACHELOR IN SECONDAR', 1, 'M'),
('C15-0224', 'DUNAN', 'DUNAN', 'BEVERLY JANE', 'V.', 'BSIT', 'BACHELOR OF SCIENCE ', 1, 'F'),
('C15-0225', 'MERCADO', 'MERCADO', 'EDEN JOHN', 'S.', 'BSA', 'BACHELOR OF SCIENCE ', 1, 'M'),
('C15-0226', 'TACANDONG', 'TACANDONG', 'ALEC FRANCO', 'A.', 'BSSW', 'BACHELOR OF SCIENCE ', 1, 'M'),
('C15-0227', 'MARQUEZ', 'MARQUEZ', 'JEFFERSON', 'V.', 'BSCRIM', 'BACHELOR OF SCIENCE ', 1, 'M'),
('C15-0228', 'LAGUE', 'LAGUE', 'KAREN', 'C.', 'BSA', 'BACHELOR OF SCIENCE ', 1, 'F'),
('C15-0229', 'CANATOY', 'CANATOY', 'KRISTINE KAYE', 'P.', 'BSED', 'BACHELOR IN SECONDAR', 1, 'F'),
('C15-0230', 'DEN-AWAN', 'DEN-AWAN', 'JAN', 'A.', 'BSA', 'BACHELOR OF SCIENCE ', 1, 'M'),
('C15-0231', 'GALLANA', 'GALLANA', 'DONARD JAMES', 'A.', 'BSBA', 'BACHELOR OF SCIENCE ', 1, 'M'),
('C15-0232', 'TUBO', 'TUBO', 'BEBIE MARISSE', 'A.', 'BSA', 'BACHELOR OF SCIENCE ', 3, 'F'),
('C15-0233', 'GUIMARAS', 'GUIMARAS', 'JOHN LOUIE', 'P.', 'BSED', 'BACHELOR IN SECONDAR', 1, 'M'),
('C15-0234', 'BAOL', 'BAOL', 'KEYNA TIFFANY', 'G.', 'BSHRM', 'BACHELOR OF SCI IN H', 1, 'F'),
('C15-0236', 'JALOG', 'JALOG', 'KHRIS DANIELLE', '', 'BSIT', 'BACHELOR OF SCIENCE ', 1, 'M'),
('C15-0238', 'POTUTAN', 'POTUTAN', 'BRIX', 'T.', 'BSIT', 'BACHELOR OF SCIENCE ', 1, 'M'),
('C15-0239', 'CAGAS', 'CAGAS', 'WINLOVE', 'L.', 'BSED', 'BACHELOR IN SECONDAR', 1, 'M'),
('C15-0240', 'PELLAZAR', 'PELLAZAR', 'AL KENNES JUNE', 'M.', 'BSA', 'BACHELOR OF SCIENCE ', 1, 'M'),
('C15-0241', 'CALOPE', 'CALOPE', 'JOHANNA', 'T.', 'BSA', 'BACHELOR OF SCIENCE ', 1, 'F'),
('C15-0242', 'CABELTES', 'CABELTES', 'FRANCIS JOHN', 'A.', 'BSCRIM', 'BACHELOR OF SCIENCE ', 1, 'M'),
('C15-0245', 'GALLEROS', 'GALLEROS', 'NIKKA', 'V.', 'BSHRM', 'BACHELOR OF SCI IN H', 1, 'F'),
('C15-0246', 'CALVEZ', 'CALVEZ', 'HAZEL LOU', 'A.', 'BSBA', 'BACHELOR OF SCIENCE ', 2, 'F'),
('C15-0247', 'PALAC', 'PALAC', 'LOUIE', 'P.', 'BSHRM', 'BACHELOR OF SCI IN H', 1, 'M'),
('C15-0250', 'GUIBONE', 'GUIBONE', 'MARITES', 'G.', 'BSSW', 'BACHELOR OF SCIENCE ', 1, 'F'),
('C15-0251', 'KIUNISALA', 'KIUNISALA', 'KARL LOUISE', 'F.', 'AHRM', 'ASSOCIATE IN HOTEL R', 1, 'M'),
('C15-0252', 'GAVIOLA', 'GAVIOLA', 'LYKA', 'D.', 'BSHRM', 'BACHELOR OF SCI IN H', 1, 'F'),
('C15-0253', 'CANUNAYON', 'CANUNAYON', 'TREXIA ME', 'A.', 'BSA', 'BACHELOR OF SCIENCE ', 1, 'F'),
('C15-0254', 'SENIT', 'SENIT', 'ANALOU', 'H.', 'BSA', 'BACHELOR OF SCIENCE ', 1, 'F'),
('C15-0256', 'MAPUTI', 'MAPUTI', 'MARIEFE', 'C.', 'BSED', 'BACHELOR IN SECONDAR', 1, 'F'),
('C15-0257', 'BLANTUCAS', 'BLANTUCAS', 'TRISHA JANE', '', 'BSED', 'BACHELOR IN SECONDAR', 1, 'F'),
('C15-0259', 'GUILLENA', 'GUILLENA', 'JUNE ANTHONY', 'D.', 'BSIT', 'BACHELOR OF SCIENCE ', 1, 'M'),
('C15-0260', 'OCHOA', 'OCHOA', 'DEXTER', 'T.', 'BSHRM', 'BACHELOR OF SCI IN H', 1, 'M'),
('C15-0261', 'CARILLERO', 'CARILLERO', 'GOLDY MAE', 'N.', 'BSSW', 'BACHELOR OF SCIENCE ', 1, 'F'),
('C15-0264', 'DAMASCO', 'DAMASCO', 'ABIGAIL', 'A.', 'BSBA', 'BACHELOR OF SCIENCE ', 1, 'F'),
('C15-0265', 'OBIDA', 'OBIDA', 'DECERMAE', 'D.', 'BSED', 'BACHELOR IN SECONDAR', 1, 'F'),
('C15-0266', 'ZAPICO', 'ZAPICO', 'MEMILANIE', 'G.', 'BSED', 'BACHELOR IN SECONDAR', 1, 'F'),
('C15-0267', 'EDPALINA', 'EDPALINA', 'ANJELYN', 'L.', 'BSED', 'BACHELOR IN SECONDAR', 1, 'F'),
('C15-0268', 'GAMON', 'GAMON', 'ANNE GELI', 'D.', 'BSBA', 'BACHELOR OF SCIENCE ', 1, 'F'),
('C15-0269', 'SAROMINES', 'SAROMINES', 'CHERRY ANN', 'O.', 'BSSW', 'BACHELOR OF SCIENCE ', 1, 'F'),
('C15-0270', 'ESPERA', 'ESPERA', 'JESSICA', 'O.', 'BSED', 'BACHELOR IN SECONDAR', 1, 'F'),
('C15-0273', 'GALILI', 'GALILI', 'GLENN', 'H.', 'BSA', 'BACHELOR OF SCIENCE ', 1, 'M'),
('C15-0275', 'SALA', 'SALA', 'GENNDY GRACE', 'V.', 'BSA', 'BACHELOR OF SCIENCE ', 1, 'F'),
('C15-0276', 'BALANGUE', 'BALANGUE', 'JAN DRANREB', 'R.', 'BSIT', 'BACHELOR OF SCIENCE ', 1, 'M'),
('C15-0280', 'CABUNTUCAN, JR.', 'CABUNTUCAN, JR.', 'JERRY CLARK IAN', 'C.', 'BSED', 'BACHELOR IN SECONDAR', 1, 'M'),
('C15-0281', 'PLATERO', 'PLATERO', 'RONALD', 'T.', 'AHRM', 'ASSOCIATE IN HOTEL R', 1, 'M'),
('C15-0282', 'BUTALID', 'BUTALID', 'JODEA', 'C.', 'AHRM', 'ASSOCIATE IN HOTEL R', 1, 'F'),
('C15-0283', 'DAGOLDOL', 'DAGOLDOL', 'ALMIRA', 'L.', 'BSSW', 'BACHELOR OF SCIENCE ', 1, 'F'),
('C15-0285', 'ASUNCION', 'ASUNCION', 'KHIARA ASHELY', 'A.', 'BSBA', 'BACHELOR OF SCIENCE ', 1, 'F'),
('C15-0286', 'NOBLE', 'NOBLE', 'IAN GABRIEL', 'C.', 'BSIT', 'BACHELOR OF SCIENCE ', 1, 'M'),
('C15-0287', 'EDRADAN', 'EDRADAN', 'RICHARD', 'V.', 'BSSW', 'BACHELOR OF SCIENCE ', 1, 'M'),
('C15-0290', 'BACORRO', 'BACORRO', 'JENNIFER BELLA', '', 'BSBA', 'BACHELOR OF SCIENCE ', 1, 'F'),
('C15-0291', 'MANDOKITA', 'MANDOKITA', 'IAN MARK', 'S.', 'BSIT', 'BACHELOR OF SCIENCE ', 1, 'M'),
('C15-0292', 'DILAG', 'DILAG', 'JUNE PAUL', 'J.', 'BSCRIM', 'BACHELOR OF SCIENCE ', 1, 'M'),
('C15-0293', 'ROCIL', 'ROCIL', 'CYRANGE JAY', 'L.', 'AHRM', 'ASSOCIATE IN HOTEL R', 1, 'M'),
('C15-0294', 'RACSA', 'RACSA', 'FAITH ABIGAIL', 'R.', 'BSA', 'BACHELOR OF SCIENCE ', 3, 'F'),
('C15-0295', 'AWAYAN', 'AWAYAN', 'JOHANNA DIANNE', 'L.', 'BSA', 'BACHELOR OF SCIENCE ', 1, 'F'),
('C15-0296', 'TABAMO', 'TABAMO', 'JONNA MAE', 'Q.', 'BSSW', 'BACHELOR OF SCIENCE ', 1, 'F'),
('C15-0298', 'CU?ADO', 'CU?ADO', 'IAN JAN', 'M.', 'BSCRIM', 'BACHELOR OF SCIENCE ', 1, 'M'),
('C15-0299', 'SERING', 'SERING', 'JESS', 'V.', 'BSBA', 'BACHELOR OF SCIENCE ', 1, 'M'),
('C15-0300', 'BALAN', 'BALAN', 'ROEL NATHANRIEL', 'R.', 'BSIT', 'BACHELOR OF SCIENCE ', 1, 'M'),
('C15-0301', 'BARANGGAN', 'BARANGGAN', 'MARICEL', 'P.', 'BSN', 'BACHELOR OF SCIENCE ', 1, 'F'),
('C15-0302', 'ABIAN, JR.', 'ABIAN, JR.', 'ROLAND', 'T.', 'BSCRIM', 'BACHELOR OF SCIENCE ', 2, 'M'),
('C15-0303', 'DELA SIERRA', 'DELA SIERRA', 'ROSEBIE', 'D.', 'BSSW', 'BACHELOR OF SCIENCE ', 1, 'F'),
('C15-0304', 'CURACHO', 'CURACHO', 'RUTH', 'N.', 'BSHRM', 'BACHELOR OF SCI IN H', 1, 'F'),
('C15-0306', 'BELTRAN', 'BELTRAN', 'CARYL JANE', 'M.', 'BSA', 'BACHELOR OF SCIENCE ', 1, 'F'),
('C15-0307', 'ARRADAZA', 'ARRADAZA', 'JOHN MYKL', 'E.', 'BSHRM', 'BACHELOR OF SCI IN H', 1, 'M'),
('C15-0309', 'CASTA?ARES', 'CASTA?ARES', 'KENNETH', 'B.', 'BSCRIM', 'BACHELOR OF SCIENCE ', 1, 'M'),
('C15-0311', 'DOSOL', 'DOSOL', 'JENEVIE', 'C.', 'BSCRIM', 'BACHELOR OF SCIENCE ', 1, 'F'),
('C15-0315', 'BONOAN', 'BONOAN', 'BAUTER', 'S.', 'BSSW', 'BACHELOR OF SCIENCE ', 1, 'M'),
('C15-0316', 'MARTE', 'MARTE', 'CHARRY JAY', 'D.', 'BSIT', 'BACHELOR OF SCIENCE ', 1, 'F'),
('C15-0317', 'APAG', 'APAG', 'RUEL', 'M.', 'BSHRM', 'BACHELOR OF SCI IN H', 1, 'M'),
('C15-0319', 'FERNANDEZ', 'FERNANDEZ', 'MARY JOY', 'T.', 'BSA', 'BACHELOR OF SCIENCE ', 2, 'F'),
('C15-0320', 'DUMANGCAS', 'DUMANGCAS', 'CHERRY MAE', 'C.', 'BSCRIM', 'BACHELOR OF SCIENCE ', 1, 'F'),
('C15-0321', 'ASUELO', 'ASUELO', 'NIKKI', 'L.', 'BSA', 'BACHELOR OF SCIENCE ', 1, 'F'),
('C15-0322', 'CANUNAYON, JR.', 'CANUNAYON, JR.', 'LARRY', '', 'BSIT', 'BACHELOR OF SCIENCE ', 1, 'M'),
('C15-0323', 'SIAMAN', 'SIAMAN', 'MECHEAL', 'M.', 'BSCRIM', 'BACHELOR OF SCIENCE ', 1, 'F'),
('C15-0324', 'OLILA', 'OLILA', 'RAY FRANCIS', 'D.', 'BSED', 'BACHELOR IN SECONDAR', 1, 'M'),
('C15-0325', 'CASIO', 'CASIO', 'CHRISTINE JOY', 'D.', 'BSCRIM', 'BACHELOR OF SCIENCE ', 2, 'F'),
('C15-0326', 'GUERRA', 'GUERRA', 'RETEE JOHN PAUL', 'R.', 'BSED', 'BACHELOR IN SECONDAR', 1, 'M'),
('C15-0327', 'BALAG', 'BALAG', 'ROMANEL', 'L.', 'BSED', 'BACHELOR IN SECONDAR', 1, 'M'),
('C15-0328', 'LIGTAS', 'LIGTAS', 'ANGELICA', 'D.', 'BSED', 'BACHELOR IN SECONDAR', 1, 'F'),
('C15-0329', 'RATILLA', 'RATILLA', 'JELVIR', 'M.', 'AHRM', 'ASSOCIATE IN HOTEL R', 1, 'M'),
('C15-0330', 'PUPOS', 'PUPOS', 'JOHN PAUL', 'R.', 'AHRM', 'ASSOCIATE IN HOTEL R', 1, 'M'),
('C15-0331', 'GAMOS', 'GAMOS', 'MIRUELLE NICOLE', 'T.', 'BSN', 'BACHELOR OF SCIENCE ', 1, 'F'),
('C15-0332', 'REYES', 'REYES', 'KEITH', 'C.', 'BSHRM', 'BACHELOR OF SCI IN H', 2, 'M'),
('C15-0333', 'INTANA', 'INTANA', 'MARK DAVE', 'I.', 'BSBA', 'BACHELOR OF SCIENCE ', 1, 'M'),
('C15-0334', 'BELTRAN', 'BELTRAN', 'PRINCESS KAITEL', 'M.', 'BSBA', 'BACHELOR OF SCIENCE ', 1, 'F'),
('C15-0335', 'MORALES', 'MORALES', 'CHERIL', 'P.', 'BSN', 'BACHELOR OF SCIENCE ', 1, 'F'),
('C15-0336', 'VERTUDAZO', 'VERTUDAZO', 'NI?A GRACE', 'M.', 'AHRM', 'ASSOCIATE IN HOTEL R', 1, 'F'),
('C15-0337', 'MUNION', 'MUNION', 'BRET GEOFFREY', 'L.', 'BSBA', 'BACHELOR OF SCIENCE ', 1, 'M'),
('C15-0338', 'HOSPITAL', 'HOSPITAL', 'NEAL RICK GABRIEL', 'A.', 'BSHRM', 'BACHELOR OF SCI IN H', 1, 'M'),
('C15-0339', 'MANDAHINOG', 'MANDAHINOG', 'MARIEL', 'M.', 'BSSW', 'BACHELOR OF SCIENCE ', 1, 'M'),
('C15-0340', 'BALACUIT', 'BALACUIT', 'MISELANE MARIZ', 'G.', 'BSBA', 'BACHELOR OF SCIENCE ', 1, 'F'),
('C15-0341', 'ABAO', 'ABAO', 'KARL LOUIE', '', 'BSA', 'BACHELOR OF SCIENCE ', 1, 'M'),
('C15-0342', 'PALIMA', 'PALIMA', 'KIMBER JONES', 'S.', 'BSHRM', 'BACHELOR OF SCI IN H', 1, 'M'),
('C15-0343', 'PABILLAN', 'PABILLAN', 'LOUIN MARTINNI', 'N.', 'BEED', 'BACHELOR IN ELEMENTA', 1, 'F'),
('CKCADMIN', 'ckcadmin', 'Amorado', 'Ruel', 'P.', 'Unknown', 'Unknown', 3, 'M'),
('studno', 'surname', 'surname', 'first', 'mi', 'coursecode', 'course', 0, 's');

-- --------------------------------------------------------

--
-- Table structure for table `tbl_studentsubject`
--

CREATE TABLE IF NOT EXISTS `tbl_studentsubject` (
  `ID` int(11) NOT NULL AUTO_INCREMENT,
  `StudentID` varchar(30) NOT NULL,
  `SubID` varchar(30) NOT NULL,
  `Status` int(1) NOT NULL DEFAULT '0',
  PRIMARY KEY (`ID`)
) ENGINE=InnoDB  DEFAULT CHARSET=latin1 AUTO_INCREMENT=96 ;

--
-- Dumping data for table `tbl_studentsubject`
--

INSERT INTO `tbl_studentsubject` (`ID`, `StudentID`, `SubID`, `Status`) VALUES
(73, 'C11-0228', 'IT102', 0),
(74, 'C13-0016', 'IT102', 0),
(75, 'C13-0039', 'IT102', 0),
(76, 'C13-0127', 'IT102', 0),
(77, 'C13-0146', 'IT102', 0),
(78, 'C13-0252', 'IT102', 0),
(79, 'C14-0002', 'IT102', 0),
(80, 'C14-0086', 'IT102', 0),
(81, 'C14-0088', 'IT102', 1),
(82, 'C14-0100', 'IT102', 0),
(83, 'C14-0102', 'IT102', 0),
(84, 'C14-0108', 'IT102', 0),
(85, 'C14-0122', 'IT102', 0),
(86, 'C14-0124', 'IT102', 1),
(87, 'C14-0128', 'IT102', 0),
(88, 'C14-0131', 'IT102', 0),
(89, 'C14-0145', 'IT102', 0),
(90, 'C14-0148', 'IT102', 0),
(91, 'C14-0202', 'IT102', 0),
(92, 'C14-0230', 'IT102', 0),
(93, 'C14-0248', 'IT102', 0),
(94, 'C14-0298', 'IT102', 0),
(95, 'C14-0314', 'IT102', 0);

-- --------------------------------------------------------

--
-- Table structure for table `tbl_subject`
--

CREATE TABLE IF NOT EXISTS `tbl_subject` (
  `SubID` varchar(20) NOT NULL,
  `SubName` varchar(30) NOT NULL,
  PRIMARY KEY (`SubID`)
) ENGINE=InnoDB DEFAULT CHARSET=latin1;

--
-- Dumping data for table `tbl_subject`
--

INSERT INTO `tbl_subject` (`SubID`, `SubName`) VALUES
('English1', 'Communication'),
('IT100', 'Degital Arts'),
('IT101', 'Networking'),
('IT102', 'Web Development'),
('SW1', 'Confrontation'),
('SW2', 'Psychology');

-- --------------------------------------------------------

--
-- Table structure for table `tbl_teacher`
--

CREATE TABLE IF NOT EXISTS `tbl_teacher` (
  `TeacherID` varchar(30) NOT NULL,
  `TPassword` varchar(32) NOT NULL,
  `Name` varchar(30) NOT NULL,
  `Department` varchar(30) NOT NULL
) ENGINE=InnoDB DEFAULT CHARSET=latin1;

--
-- Dumping data for table `tbl_teacher`
--

INSERT INTO `tbl_teacher` (`TeacherID`, `TPassword`, `Name`, `Department`) VALUES
('T16-001', 'mandam', 'Mandam', 'IT'),
('T16-002', 'barro', 'Barro', 'IT');

-- --------------------------------------------------------

--
-- Table structure for table `tbl_teachersubject`
--

CREATE TABLE IF NOT EXISTS `tbl_teachersubject` (
  `ID` int(11) NOT NULL AUTO_INCREMENT,
  `SubID` varchar(30) NOT NULL,
  `Teacher` varchar(50) NOT NULL,
  PRIMARY KEY (`ID`)
) ENGINE=InnoDB  DEFAULT CHARSET=latin1 AUTO_INCREMENT=8 ;

--
-- Dumping data for table `tbl_teachersubject`
--

INSERT INTO `tbl_teachersubject` (`ID`, `SubID`, `Teacher`) VALUES
(1, 'IT100', 'Mandam'),
(2, 'IT101', 'Barro'),
(3, 'IT100', 'Ongue'),
(4, 'IT102', 'Pagapong'),
(5, 'English1', 'Dagoc'),
(6, 'SW1', 'Social'),
(7, 'SW2', 'Work');

/*!40101 SET CHARACTER_SET_CLIENT=@OLD_CHARACTER_SET_CLIENT */;
/*!40101 SET CHARACTER_SET_RESULTS=@OLD_CHARACTER_SET_RESULTS */;
/*!40101 SET COLLATION_CONNECTION=@OLD_COLLATION_CONNECTION */;
